basin_name,total_slope,total_elevation,annual_rainfall_mm,flood_occurred,flood_month,river_basin_width_km
Bagmati,5.26,893.88,4530.03,0,8,80.88
Karnali,42.29,8054.7,4591.29,0,8,309.5
Mahakali,28.25,5944.24,1912.45,0,8,467.3
Bagmati,15.07,7349.48,3609.75,0,6,105.89
Narayani,6.27,7785.68,1722.35,1,8,384.64
Kamala,35.73,5089.02,1357.74,0,8,21.52
Mahakali,27.9,4612.14,1330.85,0,9,193.99
Mahakali,24.01,3848.29,2039.48,0,9,64.27
Bagmati,40.23,2852.16,2434.81,1,9,182.71
Gandaki,35.49,3884.88,4239.27,0,7,95.03
Narayani,6.83,6863.12,1039.51,0,7,192.92
Bagmati,14.03,5353.68,3807.17,0,9,214.59
Narayani,11.18,7904.57,2891.55,0,6,157.29
Narayani,33.48,3961.99,1795.75,0,6,331.74
Kamala,1.51,5399.03,2717.69,1,9,460.24
Mahakali,25.65,5611.62,1849.74,0,7,206.29
Karnali,34.31,5263.92,3182.37,0,7,104.25
Kamala,39.45,6237.72,2452.3,1,6,142.65
Kamala,15.39,2154.19,1239.82,1,8,428.46
Narayani,36.96,4567.53,1024.62,0,6,290.1
Rapti,4.98,984.89,2960.13,0,8,232.96
Mahakali,38.09,3445.24,4560.86,0,7,83.32
Gandaki,5.74,4350.74,2047.81,0,7,230.37
Kamala,17.88,5795.22,3798.5,1,9,146.46
Karnali,35.88,8413.76,3463.98,0,7,472.15
Rapti,6.75,5342.52,4692.0,0,8,443.19
Rapti,10.32,6597.27,4194.41,0,6,51.11
Gandaki,32.5,4514.0,3049.72,0,9,263.16
Kamala,32.4,5636.17,3456.64,1,8,120.28
Karnali,28.85,692.64,4542.74,0,6,211.28
Mahakali,31.23,2303.05,2297.83,0,6,439.66
Koshi,24.42,3246.35,1970.58,0,6,268.48
Karnali,11.33,4217.55,548.65,0,7,173.77
Gandaki,15.56,470.7,4219.48,0,6,111.87
Rapti,8.17,1299.13,4104.41,0,7,402.16
Mahakali,40.88,2499.88,970.05,0,6,316.01
Karnali,26.25,8598.11,3095.86,0,6,239.35
Koshi,18.04,2978.56,2587.92,0,7,116.57
Koshi,20.79,4301.36,1034.19,0,7,173.78
Narayani,42.63,1791.35,4912.56,0,8,480.32
Narayani,6.9,5431.43,1466.13,0,6,264.84
Bagmati,26.38,2533.84,802.55,0,7,206.34
Gandaki,22.76,1886.98,3176.81,0,8,265.5
Kamala,27.52,4604.47,3824.9,1,8,391.7
Karnali,0.81,118.33,646.0,0,7,176.65
Karnali,39.25,137.27,3464.23,0,6,97.57
Kamala,41.95,1992.99,2895.31,0,8,296.62
Bagmati,25.43,392.34,964.69,0,6,335.95
Rapti,31.35,1018.25,1276.36,0,6,359.23
Rapti,41.51,3044.52,3055.88,0,8,442.17
Bagmati,31.83,7115.1,1833.61,1,7,191.88
Rapti,6.86,5091.44,4722.42,0,6,46.92
Narayani,25.93,4570.2,4184.33,1,9,479.59
Karnali,27.3,2646.24,4926.05,0,7,223.16
Bagmati,19.09,8248.93,1668.52,0,8,315.4
Karnali,33.14,3555.0,4863.76,0,9,336.49
Kamala,42.05,834.5,2440.55,1,6,277.79
Koshi,41.65,5486.61,2063.83,0,7,110.58
Narayani,20.29,1069.27,726.57,0,9,380.02
Mahakali,5.1,3100.37,737.44,0,7,403.84
Narayani,44.32,4524.06,3614.05,0,6,280.96
Bagmati,37.75,7743.93,2560.68,0,7,249.39
Mahakali,5.61,4402.35,1519.35,0,9,65.83
Koshi,41.44,6234.43,3262.87,0,7,51.14
Bagmati,39.15,8784.95,1637.86,0,8,176.39
Gandaki,23.35,1224.21,3099.34,0,8,162.31
Karnali,26.61,2481.59,2116.44,0,9,477.29
Koshi,17.96,3533.59,4205.99,0,7,393.98
Karnali,2.46,3772.81,4193.13,0,9,333.36
Rapti,15.08,3677.94,2648.08,0,7,263.65
Gandaki,36.13,8037.01,2078.69,0,6,92.01
Gandaki,0.21,6337.78,2131.52,0,8,489.44
Koshi,15.01,5406.19,4125.72,0,6,193.77
Gandaki,17.92,2785.67,1976.81,0,7,62.39
Mahakali,24.18,7301.23,1440.77,0,6,251.96
Gandaki,41.39,8453.52,881.1,0,9,438.26
Karnali,15.59,7278.48,2600.12,0,9,444.77
Karnali,15.61,83.74,2669.59,0,7,15.37
Bagmati,33.19,5656.33,4284.09,0,8,444.28
Karnali,20.35,518.87,1495.57,0,9,143.03
Bagmati,10.11,2331.28,2214.46,0,8,29.1
Karnali,20.36,592.51,4137.83,0,7,425.42
Mahakali,6.34,5370.12,4206.31,0,8,433.29
Kamala,7.94,6096.89,2230.75,0,7,302.15
Bagmati,22.43,1074.97,2566.06,0,6,291.47
Narayani,18.85,3439.34,1864.79,0,7,408.43
Rapti,41.17,4074.84,4696.5,0,6,395.29
Koshi,16.31,3309.55,1033.9,0,7,446.15
Karnali,26.13,1132.36,4701.87,0,9,280.85
Gandaki,28.45,3747.52,3577.4,0,9,484.15
Kamala,0.59,6663.84,2892.07,0,8,498.11
Karnali,29.86,693.31,646.97,0,7,67.11
Gandaki,8.01,773.82,2640.18,0,7,426.28
Rapti,43.25,3184.18,2334.87,0,7,254.91
Rapti,6.69,8336.47,1225.48,0,8,199.91
Rapti,18.66,5938.73,3453.84,0,9,310.41
Gandaki,3.84,6027.36,4870.18,0,7,37.42
Karnali,44.86,3246.93,3029.85,0,8,258.17
Rapti,22.6,5281.15,3716.39,0,7,436.74
Mahakali,26.79,158.93,808.03,0,6,114.6
Bagmati,3.02,5653.65,2379.5,0,7,218.93
Gandaki,33.75,8086.83,1023.61,0,6,470.35
Gandaki,9.45,5447.17,3257.58,0,8,220.0
Karnali,40.41,7739.33,4723.17,0,8,185.6
Gandaki,9.23,6425.04,3478.0,0,9,225.86
Gandaki,8.58,1128.26,845.61,0,7,264.53
Rapti,1.64,7991.74,2096.0,0,8,319.68
Karnali,21.24,653.24,2977.99,0,9,402.34
Rapti,25.42,4757.17,2314.43,0,7,231.53
Bagmati,2.96,1317.68,4251.4,0,8,410.57
Kamala,34.9,172.76,4166.02,0,6,271.52
Bagmati,20.4,3774.62,3253.24,0,8,175.86
Kamala,23.6,2659.87,2180.56,1,6,332.4
Rapti,19.83,4336.11,1649.01,0,9,361.68
Bagmati,18.03,5136.66,976.43,0,9,283.44
Karnali,25.18,453.94,2097.04,0,7,37.74
Koshi,6.99,1149.72,2359.28,0,7,93.24
Rapti,8.19,4973.76,3541.2,0,7,149.8
Kamala,38.78,3082.32,3461.72,1,9,148.49
Mahakali,42.58,6470.68,815.49,0,6,339.98
Kamala,16.8,5795.82,2278.67,0,7,18.99
Mahakali,12.18,7492.72,1318.0,0,7,380.28
Gandaki,28.98,6148.7,1205.66,0,9,140.02
Bagmati,18.39,3843.93,4222.86,0,6,161.91
Mahakali,1.14,5977.3,688.62,0,8,268.68
Kamala,7.03,2487.3,2386.32,1,7,115.8
Gandaki,32.22,2758.82,1256.92,0,8,443.39
Koshi,29.65,6995.71,4456.99,0,8,51.83
Karnali,1.22,3988.67,3006.68,0,7,227.75
Karnali,9.99,7078.18,1541.21,0,9,426.22
Karnali,10.4,7289.22,2760.92,0,7,311.76
Mahakali,30.24,7597.68,3791.69,0,6,153.24
Koshi,0.89,8116.22,4811.53,0,6,216.17
Mahakali,4.68,3853.19,1492.01,0,7,356.28
Bagmati,36.0,2869.01,4487.82,1,8,486.9
Mahakali,8.03,5180.54,4704.37,0,6,447.64
Koshi,29.37,3328.15,4623.89,0,6,177.79
Koshi,10.72,5346.23,3359.36,0,7,499.12
Bagmati,4.47,6263.63,3334.19,0,7,11.72
Koshi,10.94,6112.82,2314.45,0,9,23.54
Kamala,32.5,3357.83,3885.79,1,7,413.68
Koshi,38.51,1534.7,2890.82,0,7,107.74
Karnali,37.36,3849.19,3548.47,0,6,39.78
Kamala,17.87,1321.69,2428.06,0,6,126.2
Kamala,30.06,7883.27,3791.73,0,6,218.79
Bagmati,9.22,3106.11,4210.12,0,8,367.98
Narayani,13.19,1425.85,1158.96,0,6,315.92
Narayani,40.34,293.38,4248.18,0,6,126.43
Koshi,0.59,5739.03,2931.33,0,7,256.6
Kamala,3.85,5660.73,4301.0,1,9,463.84
Narayani,9.35,3059.82,2440.86,1,6,409.35
Narayani,1.19,699.49,2205.68,0,9,168.36
Koshi,8.16,3665.72,4617.77,0,6,491.31
Narayani,26.24,2801.87,1630.26,1,6,357.22
Mahakali,18.96,6013.76,4298.96,0,9,40.6
Gandaki,40.17,5387.53,2678.09,0,7,27.23
Bagmati,36.78,3270.4,2813.43,0,6,92.52
Gandaki,15.38,1982.66,1888.11,0,9,366.65
Koshi,11.67,8742.98,3078.69,0,6,100.03
Karnali,17.09,4055.23,1963.45,0,8,260.63
Bagmati,26.56,6111.67,676.71,0,8,55.7
Koshi,12.06,1303.77,1723.99,0,8,461.23
Kamala,28.09,4332.51,528.71,0,8,178.54
Karnali,18.42,311.72,4902.6,0,7,454.98
Gandaki,24.84,4506.89,4845.86,0,8,472.99
Koshi,19.63,8532.14,2278.2,0,9,13.0
Kamala,13.25,3442.57,3777.67,1,6,237.43
Bagmati,42.68,412.31,2056.13,0,9,22.08
Bagmati,34.36,341.73,3519.92,0,8,455.26
Rapti,6.31,3475.75,4124.44,0,7,264.02
Kamala,39.08,1474.7,4760.4,0,8,46.72
Mahakali,21.93,274.98,2300.96,0,8,64.04
Narayani,40.25,6708.04,4024.84,0,7,197.92
Karnali,35.99,4094.91,1696.68,0,7,470.71
Kamala,19.13,2608.99,4956.5,0,7,349.53
Rapti,1.01,7970.93,615.96,0,7,435.13
Narayani,12.09,1089.47,3215.88,0,7,189.56
Narayani,24.37,8461.06,3467.78,0,7,31.17
Koshi,28.51,2826.0,3596.21,0,6,487.42
Narayani,11.6,7868.41,1041.74,0,8,18.41
Mahakali,6.27,5362.63,4723.38,0,8,474.35
Bagmati,37.57,7326.84,1315.32,0,7,190.65
Rapti,44.3,8707.67,3302.39,1,9,14.94
Narayani,23.66,2601.62,1502.04,0,7,347.69
Koshi,7.73,8506.85,1882.47,0,6,490.46
Mahakali,12.25,3488.87,2959.06,0,9,483.16
Gandaki,0.83,3454.02,2377.37,0,6,88.86
Bagmati,41.14,3057.92,1221.02,0,9,98.81
Bagmati,5.3,4822.48,1269.21,0,9,287.11
Rapti,25.94,1423.09,2381.65,0,7,322.28
Bagmati,12.33,4930.48,3907.77,0,6,372.31
Narayani,24.94,4825.08,4540.84,0,9,98.71
Koshi,29.31,6757.97,878.57,0,6,479.91
Bagmati,37.34,7387.78,2268.97,0,7,322.98
Bagmati,9.29,3936.19,951.11,1,7,425.05
Gandaki,0.49,2723.88,574.67,0,7,274.63
Gandaki,6.16,2346.44,3477.73,0,7,213.0
Karnali,40.5,1778.41,3211.02,0,8,488.82
Mahakali,39.33,576.03,1233.59,0,9,295.24
Narayani,26.88,3076.01,1552.16,0,8,434.77
Bagmati,27.02,2442.23,606.68,0,7,477.11
Kamala,29.93,8553.21,4257.26,0,9,340.92
Bagmati,7.89,4965.57,4886.11,0,9,278.98
Koshi,41.15,3118.4,1109.57,0,6,11.72
Karnali,18.84,5165.34,1541.64,0,7,29.61
Mahakali,17.24,1291.87,4407.84,0,8,108.42
Kamala,23.35,3967.82,4669.09,1,6,101.14
Karnali,2.11,5567.08,2388.32,0,9,134.83
Rapti,7.48,4361.55,727.8,0,8,159.42
Mahakali,33.21,3596.81,677.26,0,7,186.43
Bagmati,3.73,8794.0,3082.77,0,8,216.06
Bagmati,27.14,7797.4,2268.03,0,8,58.44
Mahakali,11.04,5542.26,628.94,0,8,30.76
Bagmati,17.52,5067.99,3124.64,0,6,340.23
Narayani,12.99,5518.16,550.86,0,9,273.29
Mahakali,16.01,1837.12,4043.17,0,8,227.63
Karnali,32.36,3538.52,1878.95,0,9,320.88
Mahakali,13.37,416.38,681.16,0,6,415.56
Kamala,25.49,4244.34,3147.58,0,7,219.57
Bagmati,21.42,4836.67,2289.58,0,7,324.15
Narayani,29.87,2069.19,4882.1,0,8,477.25
Narayani,42.16,8532.25,2948.89,1,6,421.42
Rapti,32.97,8053.19,1738.58,0,7,218.74
Karnali,9.67,6408.97,3692.47,0,6,325.91
Gandaki,1.4,4752.07,1721.71,0,6,96.76
Gandaki,11.8,7706.59,4569.09,0,8,284.66
Mahakali,26.78,1216.87,2186.25,0,8,490.85
Rapti,2.31,7009.09,2974.41,0,6,263.97
Koshi,22.34,1165.68,727.58,0,6,464.54
Mahakali,26.86,7041.58,2417.55,0,8,209.59
Rapti,15.04,2490.69,4245.64,0,6,499.43
Karnali,34.69,7769.1,4125.42,0,8,293.82
Karnali,4.8,8356.8,1509.43,0,9,30.71
Karnali,3.38,1376.13,1517.36,0,6,297.51
Karnali,32.77,4131.37,4177.87,0,8,144.54
Karnali,22.3,8681.11,4686.79,0,6,25.92
Rapti,30.98,4313.35,929.12,0,8,412.22
Rapti,19.57,7650.22,2525.26,0,6,145.11
Narayani,11.09,5237.89,2018.54,0,7,400.31
Kamala,36.86,3364.65,4418.1,0,7,151.23
Gandaki,35.97,2578.61,875.86,0,6,105.22
Bagmati,31.26,1853.89,1450.07,0,7,487.23
Karnali,12.25,6757.06,3886.11,0,6,187.21
Koshi,26.56,3463.05,730.82,0,6,304.67
Bagmati,16.24,4557.98,2716.41,1,9,308.89
Rapti,4.12,4391.63,2489.48,0,9,284.63
Koshi,41.28,5137.36,2004.81,0,7,458.2
Koshi,6.16,7668.04,2275.58,0,9,340.48
Koshi,42.76,8678.93,2884.73,0,9,207.83
Narayani,20.07,3647.77,1226.15,0,6,432.57
Rapti,8.33,7333.96,3073.98,1,8,98.72
Koshi,24.39,6781.02,4124.45,0,6,276.68
Karnali,39.28,5104.44,3920.72,0,9,475.77
Mahakali,32.95,8462.18,1192.55,0,6,316.44
Koshi,36.3,1829.77,1171.62,1,7,410.31
Narayani,29.65,1029.12,1706.78,1,8,330.24
Bagmati,31.15,7566.08,2124.84,0,9,421.29
Rapti,38.21,3924.86,2338.05,0,9,472.8
Kamala,11.24,7504.69,3558.64,0,6,143.73
Narayani,22.02,7909.55,755.06,0,6,93.13
Koshi,9.95,618.25,656.03,0,6,247.16
Rapti,44.45,7825.05,2263.6,0,6,353.91
Mahakali,42.48,4005.34,3637.24,0,9,121.32
Koshi,1.77,4550.58,1370.46,0,6,12.01
Narayani,31.75,5570.23,3386.77,1,9,178.04
Gandaki,41.64,8201.79,1669.23,0,6,484.74
Karnali,8.13,237.8,4487.39,0,8,350.53
Kamala,25.56,4255.73,4530.6,0,8,206.65
Bagmati,41.2,6106.82,1837.79,0,6,104.36
Narayani,1.53,6413.92,1534.97,0,6,184.48
Rapti,31.38,6149.05,2350.87,0,7,93.22
Kamala,13.38,1250.07,1582.39,1,8,62.09
Kamala,41.6,2698.09,3525.73,0,9,454.3
Kamala,43.7,3218.8,4217.29,0,8,498.85
Koshi,42.49,7131.35,3528.91,0,9,90.42
Karnali,21.34,2516.95,4209.58,0,6,36.72
Koshi,38.79,1919.57,2286.46,0,8,171.57
Rapti,38.0,8474.48,1203.43,0,8,236.21
Koshi,14.36,147.8,3820.78,0,7,110.36
Gandaki,37.3,8828.87,2122.14,0,7,157.7
Karnali,1.67,6011.14,3520.72,0,8,108.43
Karnali,26.83,7342.3,1717.9,0,8,389.39
Rapti,10.35,2656.17,865.53,0,8,359.16
Bagmati,5.43,195.66,4966.62,0,9,321.13
Gandaki,3.46,6547.02,1202.91,0,6,199.74
Narayani,31.33,7392.12,4947.89,1,7,455.43
Koshi,15.29,6569.9,4897.76,0,6,485.07
Mahakali,32.61,1323.94,4072.18,0,7,95.08
Koshi,2.94,6683.59,3467.4,0,7,119.28
Kamala,14.19,6819.6,3100.13,1,7,267.56
Koshi,24.28,5850.67,4397.46,0,8,54.71
Narayani,35.58,6794.97,1802.48,0,7,223.86
Koshi,14.34,7495.5,2604.57,0,6,295.08
Gandaki,28.17,5456.22,3287.25,0,7,265.82
Gandaki,39.87,847.77,2350.36,0,6,172.15
Karnali,27.71,4350.4,2423.69,0,7,275.8
Rapti,10.48,751.61,1986.28,1,7,479.81
Bagmati,1.1,3647.41,3039.04,0,8,110.95
Mahakali,39.15,3643.58,4327.59,0,6,330.87
Kamala,0.96,649.43,1406.88,0,7,31.26
Koshi,39.36,3131.95,4704.95,0,7,42.54
Koshi,23.8,1044.34,3600.89,0,6,280.4
Narayani,42.26,7164.69,4204.73,1,7,61.42
Rapti,35.95,8388.81,3002.86,0,9,20.95
Gandaki,44.91,704.79,4007.83,0,8,94.04
Mahakali,15.78,8454.0,572.9,0,6,286.78
Karnali,34.52,4657.18,4182.71,0,8,354.64
Gandaki,18.09,2699.59,680.62,1,9,109.21
Kamala,21.59,744.7,4504.61,0,9,337.45
Rapti,28.24,4464.48,4963.83,0,9,99.41
Kamala,39.32,7044.26,1823.3,0,6,310.59
Bagmati,44.28,6276.81,1446.43,0,9,211.86
Karnali,34.57,510.88,3944.14,0,6,330.36
Bagmati,18.8,709.93,1638.62,0,6,497.58
Narayani,18.96,3606.42,4395.03,0,7,469.53
Kamala,33.19,2662.06,962.79,0,6,12.1
Narayani,10.74,2109.87,1066.8,0,9,443.86
Koshi,4.97,2536.66,4906.18,0,6,42.58
Bagmati,15.96,7122.97,3532.28,0,6,476.99
Rapti,12.93,8226.76,4310.99,0,8,148.09
Kamala,13.33,3625.99,1959.48,0,9,197.2
Mahakali,10.51,8023.84,3544.18,0,6,54.9
Karnali,1.89,2892.09,3174.09,0,7,65.01
Gandaki,0.8,4252.16,3214.18,0,6,366.1
Rapti,44.45,2054.08,3571.4,0,6,472.72
Rapti,19.25,5692.1,3089.12,0,8,309.27
Narayani,17.29,8663.5,2430.78,0,9,360.77
Bagmati,30.58,5367.46,1741.65,0,9,383.37
Kamala,9.82,3210.89,3958.62,0,7,138.78
Kamala,42.75,5756.54,1518.23,0,7,32.16
Koshi,35.39,1149.0,3615.59,0,7,10.92
Koshi,4.02,7870.65,1550.0,0,6,181.82
Karnali,18.79,4486.07,3313.99,0,6,128.32
Narayani,39.56,4014.39,3861.85,1,7,40.54
Rapti,42.51,5212.72,1484.21,0,9,97.97
Kamala,21.03,5554.35,769.74,0,9,71.0
Mahakali,27.6,700.05,1089.38,0,7,458.29
Narayani,7.52,6062.01,3226.99,0,8,78.73
Karnali,44.6,2193.68,4322.51,0,9,273.45
Karnali,10.43,6337.08,702.49,0,9,300.62
Narayani,42.42,7290.21,3803.68,0,7,276.31
Karnali,29.23,7127.15,2035.93,0,9,58.54
Narayani,27.35,4919.85,2653.38,1,6,166.21
Gandaki,23.07,4636.05,4679.87,0,6,35.12
Narayani,10.38,1324.17,1993.87,0,9,203.88
Bagmati,7.94,6875.99,2594.02,0,6,102.41
Narayani,9.92,2452.43,561.57,0,8,285.2
Karnali,8.39,4429.99,867.19,0,9,349.48
Kamala,35.08,2565.36,1663.66,0,7,270.74
Bagmati,15.76,1244.75,625.34,0,6,222.78
Karnali,2.6,5596.26,3341.19,0,8,199.79
Koshi,43.61,546.93,2418.79,0,8,422.43
Koshi,39.77,6641.61,2966.65,0,6,117.49
Kamala,41.75,2857.78,1285.91,1,8,369.77
Kamala,44.77,71.18,1831.69,1,9,381.17
Bagmati,7.83,4556.69,3487.21,0,8,215.41
Gandaki,17.83,481.27,4843.86,0,6,155.68
Kamala,34.12,2494.22,726.88,0,8,240.57
Koshi,31.32,6275.84,4506.73,0,6,55.67
Narayani,6.93,620.29,3095.97,0,6,32.51
Karnali,36.71,7437.71,3037.64,0,8,64.69
Koshi,10.1,103.53,2751.25,0,6,101.7
Koshi,10.07,2236.62,812.27,0,6,257.05
Gandaki,24.16,6573.66,904.45,0,7,426.08
Bagmati,26.68,2846.22,3204.1,0,9,125.46
Bagmati,26.1,964.41,2034.31,0,6,468.23
Rapti,4.12,3232.13,4627.71,0,9,477.9
Gandaki,39.49,2443.51,2329.66,0,7,479.86
Narayani,11.95,7467.33,1144.77,1,7,420.41
Bagmati,5.83,2820.57,3716.23,0,7,188.27
Karnali,39.99,6995.25,1820.09,0,7,45.62
Kamala,43.0,7898.85,2864.62,0,9,288.72
Gandaki,38.8,3878.05,3640.25,0,8,283.75
Kamala,36.43,8057.48,4551.19,1,8,426.49
Koshi,29.49,3382.1,4064.86,0,9,498.04
Karnali,24.79,8532.68,3543.62,0,6,259.0
Karnali,3.91,853.78,3558.35,0,9,179.15
Koshi,18.38,6100.66,4756.66,0,6,101.09
Gandaki,16.77,4404.7,1831.21,0,6,12.35
Koshi,11.69,3472.78,505.0,0,8,259.47
Kamala,32.55,5623.94,1723.8,0,7,282.2
Rapti,22.31,6248.46,1480.51,0,8,414.22
Karnali,3.65,108.3,3478.26,0,8,257.24
Mahakali,9.91,1535.51,3351.7,0,9,459.07
Mahakali,30.75,6329.12,3170.58,0,9,317.76
Kamala,3.43,5919.53,573.1,0,6,421.76
Narayani,38.3,8549.97,3779.5,1,9,82.67
Bagmati,22.28,6750.39,1955.89,0,6,429.11
Koshi,21.63,8415.88,3492.75,0,6,340.82
Koshi,26.66,6236.9,3004.6,0,7,93.41
Narayani,37.11,2686.3,2042.29,0,7,102.98
Narayani,15.65,994.89,1105.59,0,8,463.99
Kamala,30.51,6932.85,924.89,0,7,25.79
Kamala,25.46,5724.34,4241.83,0,6,236.64
Narayani,12.02,492.98,4632.79,0,9,163.6
Karnali,39.54,3230.52,3424.05,0,7,335.89
Kamala,35.88,8468.79,965.45,0,7,421.42
Rapti,29.63,4462.52,2309.12,0,7,186.59
Kamala,38.28,3868.5,3780.23,0,7,219.18
Koshi,39.03,4087.69,4009.19,0,6,491.14
Kamala,31.88,1903.57,1031.98,1,6,394.12
Karnali,37.67,3306.51,500.14,0,8,449.63
Narayani,31.39,3316.22,3704.62,1,9,224.99
Koshi,30.61,529.57,2104.68,0,8,124.7
Kamala,27.84,6807.71,1645.17,0,8,211.81
Karnali,33.87,3726.08,558.04,0,7,360.89
Rapti,7.14,7287.1,2931.35,0,9,63.62
Kamala,39.64,7534.35,4330.18,0,7,142.53
Karnali,39.23,1930.88,4809.34,0,6,32.85
Rapti,1.32,5840.25,3045.85,0,8,221.85
Narayani,37.16,4215.69,2815.08,1,9,415.45
Kamala,5.8,7796.02,882.75,0,6,22.09
Rapti,15.08,1963.77,2969.93,0,8,340.91
Koshi,33.46,6019.84,2209.91,0,9,466.92
Narayani,7.23,5404.85,3232.11,1,8,126.09
Koshi,36.81,2662.16,2249.27,0,9,349.88
Mahakali,37.45,1269.08,1581.35,0,8,487.8
Gandaki,22.84,5790.09,927.34,0,7,481.52
Kamala,0.29,6553.41,1917.13,0,8,125.12
Rapti,12.92,2840.58,934.9,0,8,59.16
Gandaki,27.76,5730.34,1296.04,0,9,82.66
Gandaki,44.15,3538.46,4943.01,0,9,354.0
Rapti,28.43,6330.53,2498.47,0,7,365.62
Narayani,11.69,1818.71,2893.42,0,9,340.38
Kamala,28.53,7884.31,4431.28,0,8,174.68
Mahakali,24.3,2592.88,4980.06,0,9,93.19
Koshi,35.09,3298.43,3122.22,0,9,294.57
Karnali,4.81,579.93,4156.13,0,9,247.0
Koshi,34.25,1048.85,1971.23,0,7,367.13
Karnali,24.36,4598.24,1875.85,0,7,226.27
Koshi,43.33,2418.93,2312.17,0,6,175.93
Rapti,15.38,7403.85,3526.28,0,7,153.8
Mahakali,28.47,198.98,3569.86,0,7,113.62
Kamala,41.94,3397.69,1918.58,1,7,140.22
Karnali,4.61,3031.22,1099.44,0,8,56.47
Kamala,42.18,239.66,3345.78,1,6,179.96
Kamala,30.95,1161.71,1077.47,0,8,27.92
Kamala,3.05,3700.96,3103.22,0,7,101.34
Bagmati,13.54,4396.37,3620.4,0,7,375.92
Narayani,31.87,3618.86,3652.75,0,6,169.48
Koshi,3.03,4730.57,3890.62,0,6,337.44
Kamala,26.2,5294.07,4427.87,0,9,361.27
Koshi,15.56,157.11,2749.82,0,7,294.78
Kamala,27.94,4143.83,3786.12,0,7,479.76
Karnali,2.06,8527.6,3286.28,0,8,20.51
Narayani,39.22,4626.07,1339.88,0,9,371.94
Narayani,43.81,6017.47,615.6,0,7,479.81
Rapti,43.6,2807.54,1780.44,0,8,432.51
Bagmati,33.73,6864.1,2493.65,0,6,92.27
Rapti,5.85,6854.7,3276.98,0,8,170.14
Rapti,34.12,4645.94,4324.82,0,7,94.5
Rapti,1.11,8637.45,1383.11,0,8,304.64
Rapti,1.0,1172.08,1064.97,0,8,358.97
Rapti,14.56,218.77,4835.66,0,9,165.37
Mahakali,21.99,6830.45,986.2,0,9,274.36
Narayani,34.67,7155.21,2653.21,0,6,348.55
Rapti,30.75,1125.18,3135.04,0,9,216.46
Kamala,20.07,2401.29,2936.18,1,8,428.47
Narayani,12.31,224.07,887.14,0,9,388.06
Narayani,44.87,2644.66,756.62,0,7,41.69
Gandaki,19.18,6856.64,974.68,0,8,314.35
Mahakali,20.31,4616.66,3135.14,0,8,125.31
Rapti,7.36,3125.58,2949.55,0,8,283.18
Koshi,35.77,3333.13,1551.83,0,7,478.88
Karnali,31.22,81.88,3369.98,0,8,440.74
Bagmati,9.93,2701.65,4190.3,1,9,208.21
Kamala,3.71,5744.61,687.11,0,7,152.84
Koshi,30.62,8621.48,2741.58,0,8,124.86
Mahakali,29.45,7505.5,3601.9,0,9,270.93
Karnali,12.3,277.12,1635.4,0,9,65.98
Mahakali,42.79,7957.56,1884.97,0,6,279.14
Kamala,6.8,6944.92,3261.37,0,9,10.65
Narayani,19.46,6920.14,4540.71,1,9,168.69
Karnali,42.46,4090.29,4144.66,0,6,117.77
Narayani,18.89,3563.69,3124.09,0,6,485.9
Kamala,28.73,2728.99,3786.0,1,7,366.35
Koshi,17.89,646.67,2141.7,0,9,181.33
Kamala,12.34,2073.45,3384.34,1,7,55.49
Koshi,44.28,2234.69,2597.82,1,7,263.23
Karnali,18.42,4319.23,1354.71,0,8,114.59
Karnali,40.23,6631.07,3657.82,0,7,272.85
Rapti,10.35,4229.1,3004.09,0,7,419.33
Mahakali,9.59,577.76,2113.8,0,7,311.74
Rapti,1.4,8477.48,4601.03,0,7,320.56
Mahakali,29.33,8345.23,594.2,0,6,275.1
Rapti,16.58,6962.39,1920.98,0,9,464.36
Narayani,38.9,8771.88,755.97,0,8,466.63
Karnali,21.29,4849.47,3949.37,0,6,261.23
Koshi,43.57,8521.18,3659.48,0,8,159.82
Mahakali,8.35,733.66,1991.08,0,8,235.2
Kamala,39.09,3279.95,3540.48,0,6,101.41
Mahakali,34.95,2048.4,2281.72,0,7,321.81
Koshi,34.69,1789.02,3903.14,0,6,255.05
Rapti,38.02,1305.97,2543.83,0,8,60.62
Mahakali,34.25,5533.55,2355.26,0,8,106.85
Bagmati,28.18,6928.44,4706.28,0,7,245.02
Narayani,5.91,5146.3,1628.96,0,6,444.92
Karnali,1.46,1360.04,1042.01,0,9,287.53
Koshi,41.44,7190.04,3130.44,0,8,343.95
Karnali,27.75,5652.41,4861.95,0,6,176.12
Bagmati,35.84,3477.32,2200.28,0,7,289.99
Mahakali,21.67,5987.52,779.17,0,7,229.22
Mahakali,5.28,2351.45,2026.87,0,9,332.97
Kamala,5.63,3100.1,2776.69,1,8,34.78
Bagmati,30.85,8123.69,1228.65,1,9,251.72
Koshi,19.36,2620.05,3461.46,1,9,155.04
Kamala,9.02,4195.56,4989.87,0,9,169.83
Narayani,22.12,7883.66,2532.83,1,9,480.85
Kamala,2.89,6282.38,2096.28,0,7,99.52
Gandaki,26.19,616.02,2303.17,0,8,162.51
Koshi,12.1,1363.03,1018.16,0,9,259.85
Gandaki,35.89,138.83,4474.73,0,8,432.88
Bagmati,13.97,5608.23,2366.72,0,7,214.17
Rapti,20.48,3999.68,2242.73,0,7,374.49
Gandaki,0.52,1248.66,3468.61,0,6,429.62
Narayani,3.26,8478.75,2489.15,1,6,161.91
Kamala,17.66,4719.35,3417.05,1,8,202.45
Rapti,21.6,2193.34,776.51,0,6,184.71
Kamala,27.0,4464.3,4161.76,1,9,418.1
Gandaki,13.12,6035.71,4732.27,0,8,31.73
Kamala,31.27,739.23,3419.44,0,7,161.13
Bagmati,38.71,2481.35,4795.55,0,7,342.91
Rapti,35.09,7153.54,1181.45,0,9,287.07
Bagmati,1.78,4104.94,2648.37,0,6,223.78
Gandaki,21.62,4867.85,3208.13,0,8,274.57
Bagmati,4.72,3869.26,3117.81,1,8,106.82
Narayani,10.89,455.35,2306.58,0,9,221.05
Gandaki,44.4,1524.95,2021.38,0,6,255.83
Gandaki,6.41,3980.96,1070.71,0,8,451.58
Gandaki,22.45,1906.23,2262.84,0,9,137.81
Koshi,27.82,508.72,1231.97,0,8,435.24
Kamala,31.61,7475.56,3804.65,1,7,325.68
Koshi,25.18,8682.91,1439.74,1,8,19.97
Koshi,0.44,7032.21,763.54,0,8,365.07
Narayani,14.69,7564.52,2985.65,1,8,27.42
Rapti,23.3,2194.08,3178.53,0,6,498.72
Kamala,3.95,8502.38,4423.61,0,6,437.59
Bagmati,15.78,1798.61,3096.42,0,9,155.7
Mahakali,1.49,8421.65,2054.66,0,6,136.13
Gandaki,3.54,8802.52,4113.55,0,8,196.91
Bagmati,17.86,6317.5,2931.26,0,8,184.52
Gandaki,5.97,8682.48,856.76,0,6,192.45
Narayani,25.54,5069.42,3046.33,1,6,165.96
Gandaki,31.03,2348.26,4586.08,0,8,314.36
Koshi,36.03,3905.95,2283.41,0,8,90.49
Kamala,9.01,5280.28,1833.47,1,7,424.53
Mahakali,7.54,711.51,1145.61,0,9,408.08
Karnali,4.71,5532.93,1181.5,0,6,243.48
Gandaki,28.64,8682.78,2447.47,0,9,427.84
Bagmati,31.79,1738.76,3180.56,0,8,131.1
Koshi,1.42,7027.4,862.77,0,9,18.61
Karnali,42.13,8039.54,4728.06,0,6,313.41
Mahakali,2.34,8353.81,3898.1,0,6,234.38
Karnali,24.36,8498.07,3139.81,0,9,287.91
Koshi,31.91,4647.37,4227.97,0,6,450.68
Kamala,39.19,8648.81,860.84,1,7,485.26
Kamala,32.13,6717.67,2645.77,0,8,320.88
Rapti,36.08,1489.15,3335.42,0,8,384.39
Kamala,15.28,4256.23,4228.94,0,6,51.07
Rapti,36.67,6375.51,4025.61,0,8,88.75
Karnali,3.61,2241.15,1746.81,0,7,369.27
Narayani,40.27,5693.32,4733.96,0,6,221.37
Bagmati,24.64,5921.42,1059.56,0,7,228.52
Bagmati,36.78,1498.18,4438.1,0,7,161.22
Karnali,20.35,5030.32,4869.23,0,8,307.6
Gandaki,28.96,6843.34,1297.19,0,8,100.73
Gandaki,23.69,4449.31,3749.3,0,9,317.19
Kamala,32.92,176.24,681.28,1,7,95.16
Bagmati,3.67,149.34,2324.4,0,8,41.27
Bagmati,2.72,3204.0,2823.27,1,7,171.88
Rapti,11.12,8200.13,3112.9,0,9,123.26
Narayani,7.18,2077.32,4711.72,0,7,445.61
Koshi,39.23,5638.44,3525.13,0,6,36.93
Gandaki,9.86,2019.38,2665.75,0,9,96.54
Bagmati,43.91,2893.62,4143.54,0,9,278.87
Rapti,15.16,7514.11,4777.4,0,7,245.72
Mahakali,8.2,6467.95,599.3,0,7,32.47
Rapti,35.54,907.41,4921.35,0,8,13.55
Gandaki,29.64,3833.15,887.59,0,6,494.15
Gandaki,22.42,326.05,4164.74,0,9,332.83
Rapti,24.99,4291.25,1761.51,0,9,189.05
Koshi,32.36,5884.85,1094.81,0,9,240.51
Karnali,10.28,1110.22,2479.35,0,8,140.61
Gandaki,44.84,2605.83,3397.8,0,6,178.99
Rapti,43.87,3562.21,2214.28,0,9,328.03
Bagmati,29.26,8141.64,745.54,0,9,442.58
Rapti,8.98,8788.79,3197.58,0,8,100.22
Narayani,30.61,464.23,4560.81,1,7,421.78
Karnali,3.25,6750.13,2224.47,0,9,69.56
Mahakali,1.38,3332.99,1473.5,0,6,115.35
Koshi,11.6,3515.0,2491.6,0,6,28.22
Kamala,20.82,6690.94,717.63,0,6,79.0
Mahakali,39.07,8131.95,4192.19,0,6,459.48
Karnali,32.72,8417.25,4218.53,0,8,235.12
Karnali,33.42,5135.98,3146.0,0,9,48.06
Karnali,19.15,3204.81,2088.96,0,8,480.27
Mahakali,15.57,6983.11,4099.03,0,6,440.71
Bagmati,16.7,2273.29,2996.09,0,6,379.79
Karnali,44.44,5021.44,4216.7,0,6,467.4
Rapti,1.8,3217.6,3341.56,0,8,117.86
Mahakali,39.02,5833.91,4029.82,0,6,419.82
Kamala,26.04,2180.22,3193.53,0,9,348.1
Karnali,19.74,1751.8,2363.63,0,6,436.18
Rapti,32.64,8130.3,4810.76,0,9,400.49
Bagmati,21.9,963.63,2935.01,0,9,179.78
Narayani,39.3,4511.3,3222.9,0,6,389.46
Bagmati,40.53,2008.65,1492.19,0,8,138.6
Kamala,18.98,411.73,3315.43,0,7,171.01
Karnali,12.46,386.17,3072.23,0,7,62.87
Kamala,26.66,1608.1,1331.77,0,9,468.19
Mahakali,41.06,7678.51,768.14,0,8,152.59
Gandaki,9.48,2549.6,3219.62,0,7,265.11
Karnali,28.03,8413.13,3936.62,0,6,201.75
Gandaki,28.42,5175.48,2855.31,0,6,480.36
Rapti,32.99,3902.6,1520.48,0,9,174.17
Narayani,5.92,5162.02,3499.35,0,8,391.49
Koshi,32.21,4605.58,860.48,0,8,429.15
Kamala,40.91,6730.54,2488.25,0,7,223.45
Bagmati,8.09,2549.75,1235.15,0,7,195.3
Narayani,10.69,3169.08,1330.07,0,6,376.4
Karnali,43.71,7918.36,1410.32,0,9,457.32
Gandaki,8.14,8378.0,2240.18,0,8,379.92
Bagmati,38.45,7904.88,730.18,1,7,121.29
Gandaki,22.15,3751.91,2290.07,0,7,445.27
Mahakali,11.13,6920.05,2802.68,0,9,199.92
Gandaki,39.18,4251.28,2674.82,0,9,292.35
Mahakali,20.04,4437.4,2222.53,0,6,417.4
Rapti,23.17,1866.68,4276.16,0,9,102.31
Bagmati,16.17,5258.94,1153.97,0,6,394.41
Bagmati,26.68,1703.9,2775.64,0,6,302.12
Koshi,7.36,2980.47,779.19,1,9,447.74
Karnali,17.6,7575.46,820.2,0,9,94.27
Mahakali,43.62,1887.71,3082.4,0,9,216.13
Koshi,11.62,694.63,3047.08,0,9,418.09
Gandaki,29.55,675.75,4451.15,0,9,19.42
Gandaki,14.63,8328.21,3010.43,0,6,64.98
Koshi,34.81,4519.75,4819.06,0,7,495.38
Bagmati,5.89,3663.82,719.13,0,8,147.39
Gandaki,43.64,7187.89,941.03,0,8,488.02
Kamala,20.42,7406.88,698.3,0,6,99.44
Rapti,10.62,2985.97,1333.75,0,6,186.94
Rapti,3.31,6158.58,2935.72,0,7,378.91
Kamala,7.64,6838.92,3405.07,1,9,332.31
Koshi,23.39,5816.52,705.13,0,6,294.75
Kamala,15.17,1400.7,4756.87,1,8,269.65
Mahakali,37.3,7758.5,4289.74,0,9,423.29
Mahakali,19.39,4802.17,1834.76,0,6,125.12
Koshi,11.19,2549.54,847.34,0,9,226.81
Kamala,27.77,3802.65,1264.49,0,8,86.17
Mahakali,31.8,399.8,1071.25,0,9,302.01
Bagmati,7.52,1192.41,1054.78,0,6,132.77
Kamala,7.54,6789.97,2833.53,0,6,173.58
Bagmati,1.65,70.1,1606.31,0,8,240.91
Mahakali,33.14,3726.61,2111.63,0,7,23.12
Rapti,29.87,4656.59,4952.77,0,7,55.05
Mahakali,21.36,549.58,3579.41,0,9,346.11
Bagmati,37.99,8611.68,4770.41,0,6,220.2
Narayani,36.26,2054.93,1141.5,0,6,433.75
Karnali,26.34,2740.26,2219.63,0,8,350.39
Gandaki,39.07,2738.01,2996.29,0,8,13.97
Kamala,9.26,2092.6,845.41,0,6,312.19
Narayani,5.04,82.94,518.84,0,8,55.93
Mahakali,12.14,6472.19,3516.95,0,7,392.66
Rapti,2.57,8556.97,3388.19,0,7,495.84
Koshi,23.9,2038.85,2348.55,1,9,270.29
Mahakali,42.15,5890.23,2703.4,0,8,344.56
Rapti,1.77,6582.37,2369.49,0,9,126.28
Karnali,5.49,7517.48,608.02,0,8,224.42
Mahakali,20.35,3779.84,2009.17,0,8,429.49
Bagmati,42.02,2729.13,1296.87,0,7,92.04
Koshi,14.23,2925.44,942.91,0,6,140.11
Rapti,22.83,6325.39,4805.24,0,8,228.26
Rapti,1.87,7239.69,3197.12,0,8,359.0
Rapti,6.68,1664.21,3778.95,0,8,194.18
Karnali,44.4,3326.12,1919.14,0,6,464.59
Mahakali,43.43,7987.23,2269.16,0,9,56.28
Karnali,0.22,7151.16,1566.16,0,9,191.69
Kamala,42.83,8715.09,936.35,0,8,357.39
Gandaki,28.76,6690.79,1305.64,0,8,120.73
Gandaki,39.06,3521.47,4088.81,0,9,331.64
Kamala,20.46,5254.62,3548.96,0,9,90.47
Mahakali,23.2,5872.38,2961.18,0,7,37.43
Bagmati,22.0,758.69,2637.9,0,8,69.3
Karnali,30.01,4849.59,4650.95,0,9,465.69
Koshi,6.28,6296.42,827.31,1,7,280.36
Rapti,1.35,1538.75,1762.7,0,6,400.21
Rapti,13.86,6922.39,2074.72,0,8,173.0
Mahakali,31.71,5194.36,4020.92,0,9,300.4
Bagmati,9.08,8428.6,4966.32,0,8,252.53
Gandaki,30.3,442.38,1583.02,0,7,473.41
Gandaki,43.65,2399.03,4434.38,0,9,376.31
Rapti,4.23,5350.44,4237.8,0,6,367.97
Mahakali,30.27,2673.2,1510.96,0,6,32.71
Karnali,19.97,6341.22,2297.0,0,7,279.34
Gandaki,39.07,6732.55,2343.53,0,6,238.83
Karnali,7.97,969.89,4901.99,0,6,464.64
Bagmati,31.17,4580.61,1314.01,0,6,136.1
Gandaki,37.72,4537.04,4096.21,0,6,142.22
Gandaki,42.51,3311.55,2003.87,0,6,211.56
Narayani,30.75,8259.21,3788.92,1,6,129.25
Gandaki,22.37,7333.85,2390.05,0,6,73.3
Kamala,27.8,6190.1,3102.62,0,9,430.13
Koshi,39.1,6340.36,4246.75,0,6,283.56
Kamala,25.68,4122.94,4118.75,0,9,432.07
Mahakali,1.37,8154.49,4398.9,0,8,417.26
Mahakali,41.89,6167.16,768.28,0,7,148.2
Karnali,31.03,6469.0,3614.23,0,6,278.39
Kamala,30.44,7633.92,1129.94,0,7,50.78
Kamala,9.71,2475.8,2371.18,0,6,458.47
Kamala,29.65,7154.47,2968.65,0,9,208.09
Bagmati,17.72,1783.82,2312.33,0,6,202.9
Gandaki,29.31,3101.41,2838.25,1,8,158.35
Koshi,4.8,3015.99,4984.37,0,7,235.73
Karnali,29.6,8659.5,1108.48,0,7,133.36
Kamala,44.97,7588.68,3539.55,0,8,193.68
Kamala,2.17,6224.87,2282.0,0,9,401.97
Narayani,43.97,6452.1,1098.54,0,9,418.79
Karnali,18.31,5003.87,1214.32,0,8,159.05
Kamala,39.18,8383.56,4771.73,0,7,239.82
Karnali,35.21,4426.16,4458.21,0,6,438.17
Gandaki,25.52,3410.18,4581.69,0,9,35.81
Narayani,33.23,1501.12,4961.9,0,6,445.68
Karnali,39.53,6971.31,1437.42,0,7,117.4
Koshi,18.19,6516.95,2099.48,0,6,342.48
Koshi,14.72,3443.87,3511.49,0,8,295.45
Mahakali,30.04,291.15,2677.11,0,9,280.94
Narayani,36.35,7434.72,2382.75,0,9,431.09
Narayani,34.3,170.23,2110.15,0,8,59.77
Mahakali,35.9,6247.08,3172.01,0,8,180.04
Karnali,19.6,8586.92,3090.17,0,9,273.74
Narayani,36.8,3911.79,1226.56,0,9,407.53
Koshi,5.41,2132.6,2622.83,0,9,116.06
Koshi,24.5,6257.36,2990.62,0,7,403.44
Kamala,0.26,7242.75,3066.29,0,7,205.82
Gandaki,14.61,4866.57,1445.48,0,7,102.57
Narayani,16.49,8558.64,3840.22,0,6,381.9
Karnali,17.83,523.55,613.4,0,7,54.54
Mahakali,31.3,4501.1,2096.74,0,9,262.24
Mahakali,17.49,6376.59,4010.96,0,7,41.3
Karnali,20.19,7642.26,3037.52,0,9,184.64
Bagmati,10.69,1643.51,1675.23,0,8,304.53
Rapti,16.8,7092.43,3627.29,0,6,282.5
Gandaki,10.23,4921.66,3053.26,0,6,208.28
Mahakali,3.29,3550.95,4083.1,0,8,220.23
Narayani,27.16,1226.19,3807.61,0,9,121.12
Gandaki,30.07,7665.57,3245.49,0,6,233.38
Narayani,27.88,1450.54,2696.8,0,7,477.09
Bagmati,20.86,2789.32,1099.32,0,9,426.72
Koshi,17.09,2616.02,1676.0,0,6,81.16
Gandaki,38.85,7719.27,2385.95,0,8,24.59
Kamala,23.36,5974.99,3196.85,0,9,467.43
Mahakali,21.56,7063.27,2811.69,0,6,268.11
Gandaki,1.15,2268.61,1796.83,0,8,273.54
Gandaki,15.36,5555.14,529.09,0,9,392.55
Gandaki,17.11,5088.79,2733.08,0,7,164.2
Rapti,17.95,7380.59,1785.32,0,9,246.13
Gandaki,26.11,8023.63,3805.74,0,7,484.64
Narayani,24.01,176.71,607.76,0,9,339.35
Koshi,27.36,5986.55,3131.73,0,8,85.34
Bagmati,34.42,525.01,4736.63,0,7,75.28
Karnali,36.58,4887.88,1284.84,0,7,110.09
Gandaki,32.32,2594.84,2622.42,0,9,385.69
Mahakali,43.0,2762.88,911.4,0,6,154.73
Gandaki,0.82,3168.27,3315.57,0,7,20.48
Mahakali,8.81,5523.71,2977.39,0,9,472.65
Narayani,0.34,3002.29,2333.14,0,8,93.16
Mahakali,29.14,6501.63,2846.2,0,9,14.68
Kamala,40.41,3620.94,4534.59,0,9,126.19
Karnali,10.96,670.0,1383.32,0,7,125.16
Koshi,41.72,6949.84,601.54,0,6,216.78
Mahakali,2.71,2578.39,4377.49,0,8,460.99
Mahakali,42.05,3868.83,3097.03,0,7,440.8
Koshi,15.82,6086.83,4507.96,0,7,233.88
Karnali,4.56,2988.3,3186.25,0,7,211.34
Gandaki,21.86,566.71,4145.72,0,8,281.95
Mahakali,11.55,3352.28,2433.53,0,6,129.29
Koshi,12.82,8360.37,3874.37,0,8,35.57
Kamala,13.83,5703.14,4608.69,0,8,470.22
Kamala,36.14,5964.24,3074.55,0,6,101.48
Narayani,24.26,5620.17,1313.53,1,8,107.22
Koshi,14.01,1816.75,1709.59,0,9,241.51
Narayani,27.47,3742.13,1393.9,0,8,250.89
Kamala,32.23,6661.75,1610.86,1,7,19.03
Karnali,12.27,959.85,1878.87,0,8,82.5
Gandaki,18.61,2508.99,2998.1,0,7,195.3
Koshi,5.48,2495.53,3145.96,0,8,345.03
Bagmati,8.15,3862.26,2419.25,0,7,121.93
Kamala,30.65,8675.68,3269.39,0,7,217.28
Kamala,8.16,662.54,867.09,0,7,283.1
Bagmati,23.63,4623.16,895.05,0,6,445.41
Rapti,31.91,1644.46,1273.23,0,8,169.77
Kamala,4.81,8590.6,2831.35,1,8,75.44
Mahakali,25.53,1064.58,1462.98,0,9,249.74
Karnali,11.55,3612.81,1774.78,0,9,375.89
Koshi,43.33,6547.15,2301.41,0,9,63.83
Bagmati,21.76,6254.58,4153.4,0,8,218.09
Mahakali,36.27,3780.71,562.38,0,6,18.71
Bagmati,24.76,3111.79,3422.2,0,7,26.44
Koshi,1.95,3560.24,3509.94,1,8,246.65
Narayani,28.49,2389.82,4093.95,0,6,156.12
Koshi,42.81,1872.41,4697.39,0,6,424.1
Rapti,27.07,4310.12,590.62,0,8,305.06
Koshi,36.86,2427.19,1192.03,0,7,232.43
Koshi,39.79,2593.34,4487.77,0,6,209.89
Rapti,10.26,5835.0,2563.33,0,8,253.65
Karnali,9.54,8571.82,3040.66,0,7,29.82
Kamala,27.49,5368.73,3483.62,0,9,447.47
Koshi,18.5,745.73,3555.8,0,6,499.17
Rapti,37.79,733.47,4692.83,0,6,98.93
Mahakali,40.5,8421.59,4986.27,0,8,68.99
Narayani,15.9,2679.62,3740.71,0,8,80.35
Narayani,10.66,878.16,1792.5,1,7,333.9
Koshi,35.12,5328.41,4458.89,0,9,334.11
Karnali,12.37,5544.39,721.49,0,9,425.48
Karnali,37.02,5762.58,1539.86,0,8,378.39
Mahakali,19.07,2417.26,4538.24,0,8,230.35
Koshi,30.04,202.64,1652.86,0,7,310.3
Narayani,4.3,8540.9,1492.93,0,8,347.26
Karnali,28.07,2272.34,1121.56,0,7,261.24
Koshi,20.33,6004.16,4366.0,0,7,243.07
Bagmati,26.4,6272.8,2750.26,0,9,326.1
Karnali,7.56,5424.65,3537.02,0,7,283.16
Rapti,33.16,2816.7,1575.8,0,9,325.53
Bagmati,38.83,2449.68,3911.18,1,9,310.3
Kamala,9.75,5316.33,3920.02,0,9,362.41
Karnali,4.31,7672.59,1906.69,0,8,324.97
Narayani,1.06,8380.43,2348.07,0,9,264.67
Gandaki,28.89,999.64,1443.61,0,7,344.08
Bagmati,27.32,1429.09,4894.52,0,8,230.25
Kamala,24.6,8362.89,3405.21,0,7,128.42
Mahakali,10.44,6535.31,4705.45,0,8,10.69
Mahakali,17.59,7820.92,1865.23,0,7,284.38
Narayani,26.75,1848.71,4018.51,0,6,299.42
Karnali,22.35,5227.83,3946.36,0,6,486.3
Koshi,44.45,6224.6,3612.45,0,6,187.12
Karnali,6.14,6040.02,4845.38,0,7,203.13
Narayani,31.28,3652.76,2271.0,1,8,108.88
Mahakali,18.19,205.14,1088.23,0,9,44.56
Karnali,19.27,5186.92,3522.69,0,9,388.67
Mahakali,32.29,2291.73,3781.89,0,7,132.34
Bagmati,31.16,4022.33,3087.77,0,7,308.36
Kamala,44.61,8475.65,1430.68,0,7,347.01
Koshi,5.78,3572.73,2770.05,0,7,240.91
Bagmati,4.68,7441.78,1904.85,0,9,439.41
Mahakali,32.6,1725.01,2423.6,0,8,227.46
Mahakali,26.03,5972.86,3403.48,0,9,149.61
Gandaki,12.34,8646.17,3853.47,0,7,449.05
Gandaki,3.57,964.42,1545.01,0,6,432.17
Bagmati,3.85,143.03,2323.96,0,9,90.38
Rapti,40.24,3875.99,1711.23,0,6,22.72
Bagmati,8.63,883.07,1393.84,0,6,54.09
Gandaki,14.55,6639.32,4025.24,0,7,150.41
Mahakali,10.2,8097.91,4591.64,0,9,486.41
Narayani,15.97,3879.84,2166.04,0,8,283.67
Bagmati,3.12,2340.97,3880.76,0,9,192.9
Mahakali,23.36,3883.19,4536.48,0,8,445.47
Narayani,3.04,6420.42,4307.56,0,8,232.04
Narayani,36.02,149.48,1322.66,0,7,164.47
Gandaki,10.52,5244.23,4803.31,0,8,471.2
Bagmati,24.3,5453.47,2195.04,0,9,426.26
Karnali,39.6,5667.63,2026.58,0,9,423.4
Koshi,29.29,2194.47,780.94,0,6,261.02
Gandaki,23.98,6337.95,2687.78,0,8,396.82
Gandaki,14.6,872.23,990.56,0,7,97.88
Karnali,14.99,1819.2,1618.43,0,7,290.88
Koshi,30.13,7772.43,1926.24,0,9,492.08
Mahakali,44.74,6554.51,4139.72,0,8,152.57
Rapti,29.78,190.66,4439.7,0,7,399.23
Bagmati,25.1,2250.25,1861.1,0,8,250.33
Rapti,32.88,1952.06,4364.14,0,8,29.5
Mahakali,20.93,2447.14,4357.54,0,6,383.88
Kamala,2.71,2243.08,3940.93,1,7,92.6
Gandaki,25.3,618.86,1160.13,0,6,319.42
Koshi,43.09,4098.58,3606.45,0,7,51.98
Gandaki,7.89,6501.93,4752.61,0,8,473.97
Narayani,31.05,5395.89,3571.43,0,7,152.94
Gandaki,9.04,5976.47,1992.28,0,9,120.97
Gandaki,24.11,782.33,2752.61,0,8,73.28
Mahakali,4.35,8422.19,3405.76,0,7,473.54
Mahakali,20.27,7430.28,2797.57,0,6,358.83
Mahakali,34.03,7137.08,1039.79,0,6,373.41
Rapti,15.64,7294.15,1904.29,0,8,254.71
Narayani,29.92,8257.33,4110.78,0,6,242.62
Kamala,35.8,4847.46,4376.38,0,8,63.91
Kamala,41.72,1828.08,1117.85,0,8,284.32
Mahakali,10.56,5484.13,4785.74,0,8,130.99
Koshi,17.97,6591.01,1979.7,0,7,488.8
Rapti,6.86,6547.44,3480.41,0,8,400.32
Karnali,44.66,4647.28,3883.21,0,6,212.37
Koshi,41.72,670.93,4153.76,1,9,84.16
Bagmati,24.3,3327.63,4755.87,0,7,394.81
Bagmati,37.89,8152.49,1908.14,0,6,69.81
Koshi,23.44,5200.29,4363.28,0,8,102.77
Mahakali,28.06,4795.48,1092.59,0,8,113.65
Karnali,4.01,2430.0,3672.68,0,9,282.88
Karnali,33.99,3304.24,3838.9,0,6,395.66
Rapti,5.75,7929.35,3549.75,0,7,164.01
Karnali,37.17,5920.21,1635.42,0,6,51.49
Bagmati,35.19,6981.68,4428.69,0,8,237.62
Narayani,31.89,4058.24,1259.86,1,7,376.57
Mahakali,1.63,5602.31,741.36,0,8,118.62
Karnali,13.64,2250.31,3728.59,0,8,117.76
Rapti,11.84,6262.54,2639.64,0,6,474.14
Bagmati,16.21,3823.48,4320.94,1,9,477.54
Narayani,3.94,3954.66,2225.29,0,8,495.33
Gandaki,42.16,5769.75,1257.25,0,6,405.75
Gandaki,24.92,8288.67,4263.99,0,7,102.21
Narayani,13.75,631.85,2970.09,0,9,113.87
Bagmati,17.86,7309.6,1351.38,0,8,176.71
Rapti,20.12,2636.54,3741.73,0,8,165.88
Narayani,27.03,3966.72,2800.01,0,7,478.7
Mahakali,23.21,262.36,3219.41,0,6,396.65
Mahakali,41.37,2712.58,2574.04,0,8,364.76
Gandaki,22.36,4482.1,4229.19,0,7,101.12
Karnali,44.65,563.11,4233.03,0,8,455.67
Rapti,38.31,4380.84,3692.25,0,6,415.66
Gandaki,9.38,8208.18,974.31,0,9,90.18
Karnali,41.88,995.14,4274.84,0,6,436.87
Karnali,5.24,6780.26,3519.56,0,6,143.4
Kamala,36.79,3666.09,3636.61,1,6,49.63
Mahakali,17.13,5821.11,2133.42,0,7,331.84
Bagmati,39.51,2354.36,4456.76,0,8,330.36
Koshi,39.06,1470.02,3764.17,0,9,56.52
Bagmati,36.27,1478.54,1006.66,0,7,166.24
Koshi,35.55,688.78,2335.0,0,6,496.48
Narayani,13.71,1699.61,4488.71,0,9,342.43
Mahakali,3.64,5900.52,712.39,0,6,367.74
Karnali,18.13,7809.48,4826.37,0,6,114.33
Rapti,7.81,7216.4,3556.23,0,6,48.6
Koshi,31.27,6084.11,3341.19,0,9,145.68
Bagmati,15.57,1039.37,1717.52,0,8,131.96
Karnali,43.9,2608.49,1619.56,0,6,124.93
Koshi,28.84,2789.48,4739.26,1,8,104.45
Koshi,37.01,2264.12,1842.23,0,9,291.63
Kamala,5.96,4590.72,3989.77,1,9,170.77
Koshi,38.79,4771.09,2269.05,0,6,411.97
Rapti,41.52,3202.75,1126.64,0,8,100.13
Mahakali,21.92,3175.56,548.22,0,8,237.67
Rapti,27.28,7343.06,2949.16,0,6,16.69
Gandaki,34.42,6998.41,4891.0,0,7,246.02
Karnali,7.87,2771.83,2161.11,0,7,37.36
Mahakali,22.62,8091.23,2107.37,0,9,489.08
Kamala,17.94,8433.81,2048.41,1,9,397.39
Mahakali,6.59,2938.15,2842.45,0,7,250.15
Mahakali,16.54,3181.14,2482.99,0,7,52.43
Bagmati,3.07,4508.46,4459.62,0,7,300.3
Mahakali,1.16,8331.16,2774.84,0,6,381.79
Kamala,6.08,7762.33,2784.91,1,6,103.45
Rapti,43.34,970.34,1122.67,0,6,288.42
Mahakali,24.73,3517.39,4922.33,0,6,408.96
Narayani,43.46,4927.49,1624.88,0,6,386.44
Karnali,19.46,4486.5,830.14,0,6,403.47
Mahakali,14.03,1771.73,3484.16,0,9,440.87
Karnali,22.78,7608.69,3179.15,0,8,469.46
Narayani,19.78,6012.19,2368.16,0,9,208.71
Narayani,4.75,7425.16,2399.87,0,8,288.7
Karnali,28.84,7608.23,4032.79,0,9,397.42
Koshi,9.72,6639.07,1380.71,1,9,351.6
Gandaki,27.88,3925.39,4191.14,0,6,497.8
Bagmati,29.26,5429.38,3419.36,0,6,16.7
Koshi,6.84,1477.69,2385.36,0,8,184.02
Koshi,2.76,5983.26,2561.13,0,8,147.7
Rapti,35.13,1643.49,1654.91,0,6,138.53
Bagmati,20.69,6161.49,3884.51,0,9,119.04
Bagmati,2.62,2085.41,2807.94,0,8,357.47
Koshi,44.77,1101.87,1943.85,0,7,51.53
Mahakali,2.6,1520.87,3182.23,0,7,373.39
Rapti,31.28,87.49,4980.81,0,7,349.78
Rapti,44.27,6379.1,2458.68,0,8,132.89
Narayani,10.76,6499.02,4643.11,0,6,133.89
Kamala,6.4,4590.08,2052.58,0,6,318.14
Bagmati,5.46,1486.44,746.3,0,6,383.46
Koshi,13.65,803.44,1419.09,0,8,439.48
Narayani,4.55,237.91,2384.13,1,8,427.55
Karnali,31.15,1524.94,1488.36,0,7,482.79
Gandaki,2.8,7889.93,501.02,0,8,294.88
Kamala,22.92,2190.21,4617.51,0,7,455.24
Kamala,44.85,3179.79,4297.46,0,7,406.17
Kamala,36.63,994.72,3840.32,0,6,448.39
Rapti,27.68,2021.89,1255.17,0,8,15.7
Karnali,13.78,4627.75,1041.64,0,6,483.29
Kamala,28.08,5404.85,804.22,0,6,242.03
Karnali,23.72,2223.7,3758.13,0,8,401.11
Mahakali,19.17,576.77,4679.64,0,8,72.33
Kamala,5.88,3502.49,2437.41,0,9,204.01
Gandaki,39.9,2125.84,1036.13,0,7,143.02
Karnali,20.24,1997.24,2805.77,0,9,152.91
Karnali,8.76,8495.68,2069.74,0,7,70.4
Gandaki,16.55,5479.89,2186.71,0,7,404.82
Kamala,18.64,4958.28,3295.99,0,7,14.53
Gandaki,37.24,3719.67,3734.23,0,6,163.13
Karnali,33.01,3835.27,997.72,0,6,95.46
Gandaki,34.62,4818.06,660.16,0,8,298.63
Karnali,0.5,6183.26,4974.49,0,7,134.58
Karnali,18.73,6233.44,1547.28,0,7,136.91
Mahakali,21.66,1577.13,742.24,0,7,249.29
Koshi,0.86,4459.99,1354.44,0,6,329.82
Karnali,11.69,3686.17,675.31,0,8,69.44
Kamala,34.21,7711.49,2263.15,1,6,96.0
Narayani,6.17,5612.6,4110.81,0,9,131.12
Rapti,24.09,4744.32,2035.6,0,9,487.14
Bagmati,9.68,1082.93,2498.83,0,9,204.6
Koshi,0.55,5386.29,3540.14,1,8,303.51
Koshi,10.85,1098.82,2790.02,0,9,128.36
Koshi,43.91,3030.0,4376.51,0,8,250.33
Mahakali,36.07,1323.87,4397.16,0,6,46.32
Karnali,43.18,6145.02,544.6,0,6,27.02
Mahakali,21.95,1880.48,4001.21,0,8,239.68
Karnali,4.94,3509.74,2573.3,0,6,205.34
Kamala,24.66,7932.23,4949.78,0,6,77.07
Mahakali,20.45,1863.49,2674.54,0,8,346.92
Mahakali,38.0,4527.51,4941.03,0,9,496.52
Rapti,4.41,3750.37,3895.56,0,8,203.87
Narayani,21.97,229.09,1618.72,1,7,316.03
Mahakali,6.75,7028.83,2922.78,0,6,481.86
Rapti,14.61,676.08,4964.61,0,8,417.45
Gandaki,33.18,4233.01,4358.89,0,6,237.14
Narayani,21.42,4991.63,938.15,0,9,371.37
Kamala,16.91,5586.33,3678.67,1,6,72.79
Mahakali,17.75,6114.81,2055.11,0,8,260.93
Bagmati,20.68,2293.22,531.42,0,9,146.74
Koshi,35.33,157.59,2315.66,0,9,88.97
Gandaki,40.14,6420.39,1556.39,0,9,218.88
Gandaki,42.99,4771.99,4184.91,0,7,74.2
Kamala,35.41,7409.44,2017.99,0,8,352.5
Rapti,14.19,7280.15,4223.86,0,8,233.56
Gandaki,30.97,7472.72,502.69,0,9,270.26
Narayani,19.69,4328.16,1885.19,0,6,81.72
Mahakali,11.46,2998.59,1585.24,0,9,78.49
Mahakali,37.84,7018.3,1551.05,0,7,295.87
Bagmati,1.73,4031.46,806.84,0,9,492.65
Kamala,40.58,1680.26,1342.06,0,8,57.16
Koshi,20.77,7574.96,2999.97,0,9,150.01
Rapti,28.67,7817.11,1811.12,0,6,436.03
Koshi,29.67,4163.27,2378.28,0,8,45.41
Gandaki,40.28,734.49,2195.9,0,6,439.18
Kamala,28.65,3474.34,4441.57,1,9,266.9
Bagmati,27.63,7123.45,4573.85,0,8,210.05
Koshi,3.0,7985.77,2718.31,0,7,161.74
Narayani,23.33,1856.08,1985.7,0,8,155.59
Mahakali,6.76,657.89,980.6,0,6,159.84
Gandaki,33.18,7771.38,4790.31,0,8,443.55
Bagmati,23.05,3488.2,771.02,0,7,364.66
Koshi,30.61,4825.58,1839.43,0,7,338.16
Rapti,1.88,8567.68,1841.3,0,7,401.39
Narayani,3.82,654.31,1941.81,0,7,135.99
Narayani,32.23,5760.94,1239.29,0,6,312.84
Koshi,3.24,720.5,4024.23,0,8,235.43
Mahakali,3.21,3365.87,1051.24,0,9,393.4
Koshi,0.54,7125.88,3357.08,0,7,161.54
Gandaki,43.04,3875.02,1057.31,0,9,325.16
Koshi,33.19,8823.27,817.41,0,9,442.28
Narayani,15.9,4977.42,4592.43,0,8,207.05
Bagmati,13.34,2889.16,1355.58,0,9,42.64
Koshi,15.74,2002.14,4195.63,0,9,262.86
Mahakali,34.86,3146.87,2950.84,0,6,179.53
Kamala,29.76,3340.1,850.35,1,9,339.39
Bagmati,8.33,673.17,4799.52,0,8,476.01
Rapti,7.83,3314.12,1611.33,0,9,247.95
Karnali,4.43,4145.09,4368.4,0,8,238.43
Koshi,29.71,6414.19,1259.65,1,7,330.75
Mahakali,34.4,5834.77,4342.74,0,9,60.71
Bagmati,11.93,6291.54,559.53,0,9,134.22
Mahakali,0.94,143.42,2803.01,0,9,460.3
Rapti,3.7,1980.68,3962.49,0,7,338.27
Narayani,43.55,5878.26,4706.58,0,6,16.59
Mahakali,13.3,4318.46,4591.41,0,9,110.27
Bagmati,34.62,116.64,4188.31,0,8,344.59
Mahakali,28.11,7131.85,4496.86,0,6,384.56
Mahakali,17.19,6853.72,1396.49,0,6,421.53
Mahakali,9.26,4884.02,1778.83,0,6,153.17
Gandaki,5.46,653.42,1800.36,0,9,466.2
Gandaki,27.68,6798.47,2196.74,0,7,280.94
Narayani,34.86,5193.84,2269.94,0,7,351.3
Koshi,28.98,6934.04,2950.5,0,9,302.4
Mahakali,23.86,6668.84,1219.46,0,8,70.14
Rapti,1.89,7118.75,3610.61,0,8,481.93
Koshi,43.58,4617.07,1254.05,0,8,70.21
Rapti,35.94,1301.77,1896.39,0,9,134.89
Koshi,13.18,5961.42,2765.05,0,7,408.68
Narayani,44.1,5516.52,4083.98,0,9,313.11
Mahakali,27.08,6585.5,3827.61,0,7,420.69
Mahakali,26.21,1561.22,3404.9,0,6,262.71
Karnali,33.66,1781.49,1200.98,0,9,194.73
Rapti,36.53,7886.01,2961.7,0,7,461.7
Koshi,29.54,6653.31,893.51,1,6,27.76
Koshi,5.76,8042.43,2198.13,0,6,429.5
Kamala,15.22,6730.0,2360.82,0,9,123.1
Kamala,41.76,5311.83,679.15,1,7,425.88
Gandaki,10.11,5811.98,1732.95,0,6,78.21
Karnali,16.75,7874.76,4800.42,0,9,294.31
Bagmati,19.44,5150.77,4791.35,0,6,445.17
Kamala,19.77,5621.13,2085.47,1,8,242.03
Bagmati,27.58,1443.55,693.95,0,9,375.82
Gandaki,42.44,4230.08,1305.93,0,6,404.29
Gandaki,10.83,6358.53,2264.98,0,9,370.88
Gandaki,5.47,2448.34,4765.01,0,9,463.41
Rapti,8.89,1845.39,1135.4,0,7,228.95
Rapti,39.91,2824.77,3935.82,0,7,94.83
Narayani,29.06,2189.89,989.07,0,6,33.43
Narayani,12.87,1956.5,4915.66,0,9,130.77
Gandaki,36.72,3799.34,2217.27,0,9,80.17
Karnali,38.76,8039.01,3988.56,0,8,283.39
Koshi,38.09,4520.97,2041.66,0,9,100.62
Rapti,41.35,1719.57,3324.51,0,7,29.08
Karnali,11.35,745.66,1364.07,0,9,27.64
Mahakali,33.98,6180.86,1157.09,0,7,417.47
Rapti,20.72,3430.21,4721.29,1,8,299.81
Rapti,37.89,7284.03,4629.41,0,6,185.46
Narayani,32.78,5859.19,4493.61,0,7,448.17
Koshi,34.94,7059.41,3314.45,0,6,44.4
Koshi,29.53,2457.14,4137.21,0,6,490.36
Kamala,7.98,6147.53,810.67,0,6,311.98
Bagmati,24.53,2387.94,2006.55,0,6,99.9
Bagmati,44.31,8313.14,1911.66,0,7,342.74
Bagmati,42.18,5656.09,3360.4,0,8,384.06
Bagmati,1.94,2918.56,2101.81,0,9,220.38
Mahakali,7.42,2435.78,1168.28,0,7,432.2
Mahakali,5.93,1745.95,3184.1,0,8,83.86
Rapti,32.67,6167.56,4164.73,0,9,146.63
Gandaki,36.8,1989.89,2219.56,0,6,55.81
Narayani,9.61,5295.57,1095.21,0,9,113.33
Narayani,22.76,2392.97,1385.1,0,9,126.98
Bagmati,37.83,5880.76,1568.67,0,8,459.64
Rapti,32.98,7223.54,1849.54,0,9,48.27
Kamala,24.4,6899.51,3392.58,1,6,219.43
Karnali,26.57,6748.75,3204.25,0,7,270.88
Gandaki,22.88,1717.83,3632.36,0,7,450.36
Rapti,13.39,845.84,2131.26,0,8,498.87
Gandaki,25.43,6205.37,4207.99,0,6,379.16
Gandaki,31.0,3303.35,1418.39,0,6,485.69
Gandaki,39.3,3865.14,2610.68,0,9,395.68
Rapti,28.63,343.43,4104.22,0,8,481.97
Bagmati,34.25,2348.56,1310.71,0,6,356.56
Narayani,7.2,365.61,994.38,0,6,49.08
Narayani,20.77,7787.49,4476.58,0,6,206.94
Bagmati,0.42,2206.54,2043.18,0,7,326.83
Gandaki,11.1,4962.31,3577.42,0,7,181.85
Karnali,32.69,412.16,614.07,0,7,143.96
Koshi,44.63,5923.59,3605.21,0,9,292.93
Rapti,4.46,2905.53,1922.46,0,9,467.42
Koshi,18.07,7951.93,750.83,1,9,27.14
Kamala,36.0,7865.9,3244.16,0,6,386.92
Bagmati,9.18,2925.4,1583.62,0,7,364.14
Karnali,24.98,7978.63,2240.63,0,6,482.34
Rapti,32.99,8814.27,862.61,0,6,466.05
Bagmati,27.72,7315.5,1162.23,0,8,383.49
Gandaki,8.46,7486.28,1840.9,0,6,265.0
Narayani,15.99,2255.8,903.92,0,9,110.09
Koshi,35.27,5132.29,4598.72,0,7,277.17
Mahakali,24.94,660.37,527.21,0,7,385.02
Mahakali,0.24,903.19,2677.37,0,6,448.88
Karnali,34.24,8838.28,1054.61,0,9,396.96
Gandaki,1.59,2937.24,1884.56,0,9,105.68
Kamala,33.56,6637.56,4667.27,0,9,303.85
Koshi,9.11,7150.91,1227.63,0,7,172.76
Gandaki,43.11,7601.73,4846.25,0,9,14.51
Koshi,16.56,8827.18,1426.07,0,9,108.11
Karnali,14.71,2189.86,3837.05,0,6,65.48
Karnali,6.7,424.2,2960.05,0,8,422.93
Kamala,13.75,3679.44,4480.15,1,9,136.67
Mahakali,39.45,1211.85,2992.97,0,6,149.5
Gandaki,44.84,266.85,2905.52,0,6,480.37
Rapti,16.57,3233.83,1379.56,0,9,195.75
Mahakali,20.19,6949.65,1248.03,0,8,14.7
Gandaki,32.49,5039.93,4624.2,0,7,149.08
Mahakali,39.88,2815.57,1975.27,0,8,68.46
Rapti,26.69,5813.81,2174.37,0,9,60.38
Narayani,17.62,2106.66,3919.21,1,8,47.97
Narayani,18.57,196.24,2024.71,0,6,300.7
Kamala,31.3,6779.49,4784.28,0,6,102.78
Narayani,0.14,5545.22,3820.67,0,8,187.01
Narayani,27.88,6761.49,3188.43,0,7,432.39
Bagmati,16.0,411.8,4464.03,0,8,217.93
Koshi,35.74,7418.24,723.23,0,9,458.69
Bagmati,4.18,5508.2,1656.78,0,7,253.99
Bagmati,26.47,5015.48,2592.66,0,8,205.43
Kamala,21.64,5552.86,1521.4,1,8,377.69
Bagmati,28.9,7658.0,3847.57,0,7,45.86
Narayani,2.92,5222.13,4636.44,0,8,53.84
Rapti,26.1,5169.58,2406.97,0,9,329.47
Kamala,25.27,8766.18,2039.6,0,6,248.6
Kamala,25.23,6712.58,4826.98,0,9,397.3
Karnali,27.16,3952.46,2501.84,0,8,458.97
Kamala,30.44,6279.53,2700.72,0,6,200.3
Karnali,36.22,3486.67,2082.42,0,7,302.24
Kamala,12.14,2079.07,4592.97,0,9,255.34
Koshi,37.13,5309.17,3060.3,0,7,490.99
Narayani,22.42,8217.58,3929.79,0,6,417.23
Kamala,3.47,8225.99,4153.13,0,8,456.75
Narayani,2.63,3071.24,2038.32,0,6,134.63
Narayani,15.04,4701.95,2451.62,0,6,388.54
Mahakali,35.32,1927.74,4318.12,0,7,140.08
Kamala,31.85,8809.65,2134.65,0,9,112.28
Gandaki,35.49,8682.25,4072.71,0,6,472.69
Mahakali,23.28,5771.39,4734.47,0,8,19.46
Gandaki,19.81,7131.15,3304.45,0,6,483.04
Narayani,6.64,6347.15,3837.32,0,7,83.14
Narayani,14.77,5276.74,4122.94,0,9,411.52
Mahakali,19.53,538.29,4302.68,0,8,145.2
Mahakali,3.99,4061.92,2277.74,0,7,181.84
Gandaki,9.93,5993.27,730.69,0,6,116.21
Karnali,26.92,6017.37,2308.44,0,6,296.9
Gandaki,33.1,3345.27,3531.9,0,9,180.57
Mahakali,44.93,8336.17,2526.58,0,7,332.12
Rapti,41.99,1539.06,3870.33,0,7,17.67
Mahakali,28.92,4462.16,2106.42,0,9,41.54
Rapti,18.96,6134.58,3356.35,0,8,58.83
Koshi,28.63,6189.46,1338.89,0,7,215.31
Mahakali,35.35,5763.75,3872.16,0,9,409.25
Koshi,5.33,2486.48,2955.63,0,7,445.21
Karnali,18.45,1441.18,1418.29,0,9,129.96
Gandaki,37.79,5652.28,1813.6,0,6,291.44
Rapti,17.27,5330.67,3868.74,0,6,386.5
Gandaki,25.73,1644.39,2671.71,0,7,151.53
Koshi,26.45,6259.71,1472.14,0,7,210.41
Rapti,8.3,4065.5,4852.72,0,6,266.75
Gandaki,16.3,5931.6,3718.06,0,8,76.09
Mahakali,15.05,7420.41,4807.11,0,9,22.73
Narayani,1.18,1559.88,2421.97,0,8,84.87
Koshi,1.09,238.05,2637.95,0,8,317.16
Gandaki,37.43,6908.96,4540.8,0,8,46.07
Koshi,12.29,5421.92,2862.72,0,6,102.95
Bagmati,23.31,6211.44,3682.76,0,7,175.55
Koshi,13.44,7427.32,1634.78,0,8,48.16
Rapti,42.33,7117.07,2510.27,0,6,103.93
Bagmati,11.67,8504.96,1055.52,1,9,456.52
Kamala,19.33,4774.44,1426.91,0,7,19.46
Rapti,39.27,4358.01,504.25,0,9,330.18
Narayani,37.89,3597.77,676.69,1,8,198.36
Bagmati,8.37,1419.1,4897.78,0,7,339.6
Kamala,36.12,5096.35,1590.59,0,8,298.46
Mahakali,20.62,2501.62,3484.9,0,7,119.51
Koshi,21.73,8157.24,4275.95,1,8,425.13
Gandaki,6.01,5189.25,2977.97,0,9,251.05
Karnali,3.63,5273.95,1189.15,0,9,413.04
Koshi,32.76,3185.53,3776.52,0,8,208.95
Kamala,22.34,526.36,3201.13,1,7,492.5
Koshi,19.66,348.65,3790.63,1,9,387.54
Narayani,32.83,3786.04,3963.86,0,7,483.32
Mahakali,34.45,812.31,4889.35,0,7,262.02
Karnali,7.15,5396.9,3081.03,0,9,242.11
Bagmati,27.46,7803.18,2037.39,0,6,380.17
Bagmati,6.09,7820.23,3418.09,0,6,441.34
Bagmati,33.81,5855.1,807.98,0,7,482.43
Kamala,29.56,1924.19,4538.29,0,9,169.03
Rapti,43.05,7645.39,1037.21,0,6,401.37
Rapti,3.1,7848.13,1975.29,0,8,113.22
Gandaki,2.57,1796.23,4170.85,0,7,277.33
Karnali,12.7,6543.13,3187.91,0,6,98.13
Bagmati,11.78,2585.07,2271.36,0,9,180.22
Rapti,11.11,7115.58,2630.46,0,9,466.37
Kamala,40.78,8823.75,4345.46,0,7,81.58
Gandaki,11.23,333.57,2030.02,0,9,319.88
Mahakali,12.24,7947.08,4413.42,0,8,300.55
Gandaki,34.17,5535.45,896.6,0,8,69.16
Rapti,20.24,8614.35,3995.59,0,6,169.73
Narayani,34.95,4151.85,4313.96,1,9,285.86
Kamala,2.94,7508.37,1318.18,1,8,101.72
Narayani,21.94,617.7,2436.56,0,7,402.31
Bagmati,1.51,3013.08,1244.75,1,9,486.36
Narayani,2.82,658.27,3679.72,0,6,115.23
Bagmati,40.79,8631.56,2909.06,0,7,101.59
Bagmati,6.27,7241.4,3358.96,0,7,232.92
Rapti,23.96,7553.66,1384.19,0,7,376.4
Narayani,18.5,8303.46,1452.86,0,8,147.98
Bagmati,15.63,817.04,686.74,0,7,19.74
Karnali,40.49,3454.78,1949.3,0,8,275.2
Mahakali,0.98,693.54,3018.85,0,7,478.73
Gandaki,29.87,1920.34,4360.71,0,8,201.73
Gandaki,43.35,2083.37,3501.17,0,9,215.87
Rapti,25.21,4187.82,2459.28,0,8,484.76
Narayani,42.16,2427.44,4789.04,0,8,350.36
Narayani,2.35,956.39,3736.6,0,9,362.39
Bagmati,18.85,1540.24,4685.74,1,7,285.72
Kamala,11.71,1362.78,2874.15,0,9,487.56
Koshi,32.89,8611.67,1665.07,0,7,347.54
Bagmati,44.16,6735.07,737.72,0,8,448.57
Mahakali,11.54,8565.01,3767.38,0,7,352.7
Karnali,29.44,3930.04,1045.86,0,8,370.21
Gandaki,8.91,2513.52,1862.49,0,7,152.3
Bagmati,25.44,7077.42,2896.12,1,8,158.7
Koshi,20.88,2933.86,3039.87,0,8,393.66
Koshi,43.74,2697.99,3202.62,1,6,155.39
Bagmati,27.38,2110.94,1248.15,0,7,285.76
Rapti,15.73,1208.32,2208.82,0,7,132.18
Gandaki,5.13,2321.23,3277.37,0,6,410.32
Rapti,6.81,3189.0,4864.18,0,8,64.15
Karnali,10.14,5986.32,3774.34,0,8,416.43
Koshi,11.29,619.19,4651.72,1,6,305.34
Koshi,38.28,1917.83,3929.95,0,6,101.59
Mahakali,25.26,7171.61,3162.73,0,9,275.6
Karnali,23.55,1359.68,1364.11,0,8,148.42
Koshi,5.16,3077.74,3500.09,0,9,168.5
Karnali,38.71,7659.98,3305.21,0,7,182.25
Gandaki,32.53,1429.93,3211.11,0,9,41.03
Narayani,3.05,796.26,2704.04,1,6,493.12
Koshi,31.85,4323.27,2878.95,0,6,25.45
Mahakali,24.46,2724.64,2004.99,0,6,334.62
Gandaki,3.68,5015.6,2836.91,0,6,191.9
Bagmati,20.62,7125.8,1389.0,0,9,326.55
Karnali,21.81,1273.89,4123.28,0,9,184.56
Bagmati,7.46,5167.38,1336.0,0,9,340.14
Rapti,42.56,4507.36,882.35,0,6,367.33
Gandaki,38.25,1334.72,2463.11,0,6,348.37
Bagmati,30.11,5547.46,3462.38,0,8,65.84
Kamala,20.8,2472.02,2469.73,1,8,331.88
Kamala,18.53,4352.21,1745.39,0,6,147.19
Koshi,29.29,792.19,3011.77,0,8,24.11
Karnali,24.54,4104.23,2061.51,0,7,213.27
Narayani,2.8,2760.14,4697.9,0,7,222.44
Gandaki,23.06,7288.86,4651.9,0,6,238.92
Koshi,36.29,570.16,2760.67,0,9,355.36
Mahakali,20.67,3744.53,1975.48,0,7,161.33
Rapti,2.34,4094.11,3817.1,0,7,164.49
Karnali,35.38,6434.1,665.21,0,9,39.67
Gandaki,9.06,5111.1,2636.46,0,8,346.54
Kamala,11.64,5926.79,2013.46,0,9,288.23
Gandaki,7.41,6890.94,4642.41,0,8,181.22
Narayani,14.86,7638.42,554.01,0,8,355.54
Kamala,34.05,2825.2,2987.67,1,9,273.31
Narayani,23.37,4792.76,3832.99,0,8,239.93
Mahakali,9.22,7444.47,2682.58,0,7,260.55
Rapti,39.5,8755.4,884.31,0,6,321.81
Mahakali,39.58,7878.2,4876.08,0,8,333.4
Koshi,39.18,3330.74,2831.05,0,7,151.59
Koshi,10.75,1783.17,3263.84,0,9,78.96
Mahakali,20.31,4365.89,1564.74,0,8,86.75
Rapti,44.32,6580.13,2675.74,0,7,323.3
Mahakali,34.74,4393.77,2431.17,0,8,437.71
Rapti,1.22,4311.36,837.03,0,9,210.65
Rapti,2.93,7427.99,977.72,0,6,93.06
Bagmati,20.88,3242.4,4268.63,0,8,380.74
Kamala,40.91,7617.28,1579.19,0,6,417.92
Karnali,24.24,3640.93,1377.31,0,8,441.49
Rapti,22.4,2951.23,2772.1,0,8,307.35
Narayani,4.75,4055.12,3959.36,0,9,431.76
Rapti,29.56,6762.76,778.76,0,8,17.55
Rapti,36.99,1176.05,3095.64,0,7,62.55
Rapti,17.12,1794.17,1036.45,0,7,55.36
Bagmati,34.9,8421.78,664.07,0,6,359.18
Kamala,43.4,1610.47,737.35,1,6,44.1
Bagmati,9.17,5053.51,4253.74,0,7,253.22
Koshi,23.55,5155.22,1030.88,0,6,241.63
Bagmati,12.92,4367.92,703.18,0,6,162.24
Narayani,35.68,5729.57,2470.55,1,7,436.5
Narayani,25.99,2087.42,4297.97,0,7,93.51
Bagmati,28.56,4921.27,1680.84,0,7,182.71
Kamala,35.91,3336.94,2397.71,0,9,389.34
Mahakali,17.82,5878.12,679.65,0,9,24.91
Karnali,41.18,1309.66,2520.85,0,7,339.75
Kamala,23.99,5081.16,3099.26,1,8,410.03
Bagmati,7.11,1696.3,3069.08,0,7,466.81
Rapti,31.32,2515.93,1995.92,0,9,439.39
Gandaki,35.7,1989.83,1919.9,0,6,166.5
Karnali,14.25,1674.95,979.81,0,8,297.32
Karnali,38.57,7318.09,2150.59,0,8,47.87
Narayani,40.78,2577.94,947.73,0,6,136.36
Karnali,12.46,8208.29,3949.68,0,8,56.17
Bagmati,44.26,8584.02,4848.23,0,6,164.44
Rapti,6.33,5084.52,4865.34,0,9,438.84
Rapti,9.09,1325.26,4392.82,0,8,180.11
Koshi,8.29,3357.78,3203.56,0,8,285.33
Rapti,40.23,7072.49,3653.9,0,6,222.36
Kamala,29.44,3294.96,1783.43,0,6,234.87
Rapti,6.84,833.84,3338.47,0,9,485.09
Narayani,19.81,4957.46,2550.42,0,6,155.12
Rapti,27.69,7488.47,2669.08,0,6,317.39
Koshi,3.76,7056.64,3909.99,0,9,215.83
Gandaki,39.71,1607.23,1768.63,0,7,39.96
Bagmati,36.16,5975.53,1931.18,0,7,249.77
Narayani,22.73,2005.59,4660.89,0,6,408.54
Kamala,43.52,1985.43,753.01,1,9,58.39
Gandaki,18.8,7742.6,2685.35,0,7,44.1
Narayani,44.28,2261.59,4607.6,1,9,85.28
Mahakali,30.06,2380.79,3246.63,0,6,384.56
Karnali,28.56,75.74,2958.83,0,6,364.76
Mahakali,7.47,7712.73,1623.85,0,9,286.86
Rapti,39.69,7027.4,2044.74,0,8,239.43
Gandaki,19.24,5576.69,4334.22,0,6,445.28
Rapti,7.3,6655.83,3016.48,0,6,385.68
Karnali,0.57,1404.68,2816.34,0,6,407.85
Narayani,25.19,4093.16,948.11,0,6,408.5
Karnali,23.73,3153.0,572.13,0,9,324.93
Koshi,32.37,893.17,4836.58,0,9,234.43
Karnali,40.06,4337.25,2196.44,0,9,433.69
Koshi,3.57,8152.25,3214.46,0,9,463.74
Karnali,32.92,421.64,858.72,0,8,21.66
Bagmati,8.43,2628.44,3574.01,0,9,35.26
Koshi,38.62,1891.79,4696.55,0,9,479.78
Gandaki,36.86,2160.45,3090.49,0,6,145.81
Rapti,24.34,8044.24,1067.52,0,8,437.95
Kamala,31.96,4178.71,3117.75,0,6,200.51
Rapti,14.15,4163.18,3948.56,0,8,68.36
Mahakali,21.2,6746.33,2328.87,0,7,49.42
Rapti,36.97,1426.13,4459.27,0,8,86.69
Narayani,20.67,4347.22,3419.07,0,8,132.45
Bagmati,16.1,3844.41,4546.62,0,6,249.37
Karnali,22.24,5309.68,3305.77,0,8,353.73
Mahakali,37.27,8844.12,1090.8,0,8,493.34
Narayani,15.08,6824.22,1893.61,0,6,226.34
Narayani,7.82,3562.47,1408.08,0,7,263.91
Koshi,32.04,7334.26,4589.72,0,7,265.69
Rapti,37.17,1568.48,3921.8,0,7,274.32
Gandaki,4.53,337.41,3543.79,0,8,263.69
Kamala,10.79,1864.65,1854.35,0,6,14.3
Gandaki,6.39,3058.13,1328.2,0,7,10.85
Mahakali,15.66,4551.88,3904.03,0,7,57.86
Bagmati,20.27,5469.6,2633.71,0,7,59.76
Gandaki,33.7,8063.3,1516.05,0,7,355.4
Karnali,29.3,4545.5,3274.8,0,6,110.41
Gandaki,27.94,4470.2,681.5,0,7,448.41
Mahakali,15.86,511.03,1967.77,0,8,465.02
Kamala,37.87,376.45,2608.51,0,8,488.19
Gandaki,21.21,4908.08,1165.81,0,6,470.15
Karnali,44.06,3916.33,4930.95,0,9,143.23
Koshi,28.54,7436.33,1440.94,0,7,259.79
Bagmati,5.68,1480.45,1086.59,0,7,95.97
Mahakali,30.43,289.2,1415.91,0,8,405.04
Koshi,14.63,4011.66,3960.78,0,6,445.33
Koshi,30.88,2154.59,2414.78,0,9,427.13
Koshi,3.13,505.51,3044.37,1,8,222.35
Narayani,7.87,6430.52,594.54,0,9,381.75
Bagmati,38.51,1049.56,654.94,0,6,57.81
Kamala,10.22,5409.83,2506.21,1,6,29.72
Rapti,37.67,2537.05,4174.95,1,6,379.09
Bagmati,12.57,1592.95,4483.57,0,8,218.42
Narayani,28.93,3403.46,890.18,0,6,497.82
Rapti,31.24,7105.09,2922.63,1,8,57.65
Bagmati,23.07,3511.8,4609.53,0,8,429.26
Koshi,13.74,6660.26,2245.88,0,7,245.19
Mahakali,9.57,1171.52,4233.05,0,8,415.3
Rapti,1.49,6853.39,1101.63,0,8,410.39
Karnali,13.68,2149.8,4709.28,0,7,458.84
Karnali,29.39,6016.16,3881.4,0,9,155.95
Gandaki,42.22,5036.43,4736.0,0,7,475.4
Rapti,39.2,8226.03,3544.78,0,7,84.32
Mahakali,34.47,3469.92,2135.32,0,6,50.16
Kamala,35.48,650.8,4721.82,1,6,221.49
Narayani,29.92,238.15,1740.05,0,7,415.88
Koshi,11.71,7328.16,1994.78,0,6,241.98
Gandaki,40.82,4676.13,3653.64,0,7,416.35
Karnali,30.18,6875.09,3943.92,0,6,367.55
Narayani,25.22,2127.79,4682.32,1,8,112.62
Narayani,4.99,3099.15,1421.61,0,6,474.95
Koshi,20.12,334.25,4090.99,0,6,39.78
Kamala,20.72,8509.98,3823.46,0,8,450.16
Kamala,38.91,5932.54,787.08,0,7,159.18
Rapti,24.6,8261.67,2242.5,0,6,255.07
Karnali,17.12,2400.53,1772.44,0,6,216.95
Kamala,43.96,5437.43,1870.21,1,8,94.2
Mahakali,4.98,6025.87,4923.26,0,8,185.49
Kamala,19.01,2857.45,3392.5,0,8,104.54
Narayani,1.89,7514.7,3729.54,0,9,109.9
Koshi,33.3,8384.18,4894.78,0,8,101.66
Mahakali,41.31,7837.26,2197.41,0,7,249.62
Rapti,12.6,6557.53,4108.28,0,6,400.99
Karnali,38.63,2505.58,2455.39,0,6,288.8
Rapti,13.15,2542.03,4412.9,0,9,447.67
Narayani,40.98,8526.38,1312.96,0,6,321.91
Mahakali,33.93,160.28,4764.59,0,6,347.78
Mahakali,36.22,6355.49,1484.47,0,7,337.13
Mahakali,0.81,6269.43,1967.99,0,6,230.24
Narayani,43.33,5535.97,3902.87,0,7,347.78
Narayani,32.7,8761.18,2271.9,0,9,44.16
Rapti,13.71,2807.68,3236.95,0,7,431.33
Gandaki,37.32,3054.27,2500.58,0,8,391.13
Rapti,12.67,762.93,3840.66,0,8,130.16
Karnali,39.27,3956.88,1527.49,0,9,386.34
Koshi,5.07,2361.48,763.06,0,6,16.19
Mahakali,31.67,3084.25,1849.68,0,7,116.45
Gandaki,24.33,7395.87,2634.39,0,8,41.92
Koshi,4.34,8281.68,1256.09,0,7,392.31
Gandaki,10.89,1700.36,2096.59,0,8,380.38
Kamala,0.56,3339.88,2299.92,0,7,408.68
Kamala,21.09,8221.52,758.26,0,6,12.2
Bagmati,13.56,612.55,3124.88,0,9,255.6
Kamala,26.93,880.74,4479.55,0,6,355.37
Rapti,13.38,1498.98,1182.84,0,7,86.15
Kamala,13.5,5294.78,3190.14,1,8,328.4
Narayani,33.44,1390.85,3491.33,0,8,51.21
Mahakali,2.17,8567.77,2387.01,0,9,98.85
Rapti,40.63,3991.26,3654.94,0,6,243.14
Koshi,38.35,4472.32,2348.29,0,6,330.25
Bagmati,30.05,2235.17,2770.87,0,6,81.48
Bagmati,26.69,4204.09,533.09,0,8,100.76
Bagmati,40.15,5880.28,3612.74,0,9,110.18
Koshi,8.34,6663.83,3476.04,0,8,126.96
Koshi,3.55,6687.45,672.8,1,6,121.01
Koshi,10.78,5142.73,2157.13,0,7,203.62
Koshi,35.76,8008.47,4905.64,0,8,330.36
Bagmati,1.56,7245.21,2393.31,0,9,224.64
Bagmati,26.23,6715.37,2758.75,0,6,390.23
Gandaki,44.79,558.11,4594.69,0,7,362.44
Rapti,38.51,130.37,3727.68,0,8,72.0
Mahakali,23.47,1934.86,3119.32,0,7,33.93
Kamala,2.86,5894.41,4090.12,0,7,440.19
Kamala,37.41,3679.49,4389.65,0,9,49.12
Narayani,26.95,3602.32,2556.0,0,8,82.69
Bagmati,5.17,7834.9,2637.99,0,9,20.85
