basin_name,geological_zone,total_slope,total_elevation,annual_rainfall_mm,river_basin_width_km,soil_moisture_percentage,average_temperature_c,flood_occurred
Bagmati,Sub-Himalayan,27.1,5151.06,4627.49,336.27,26.79,24.4,1
Karnali,Sub-Himalayan,1.03,5068.93,2991.01,195.55,41.08,27.41,1
Mahakali,Sub-Himalayan,14.49,7692.91,1846.54,477.67,79.89,14.12,1
Bagmati,Lesser Himalayan,28.64,3397.98,2438.86,438.34,73.33,13.72,1
Narayani,Mid-Mountain,6.7,3330.9,1904.86,356.89,22.9,21.41,1
Kamala,Inner Terai,31.29,5499.43,3763.0,359.69,53.8,19.65,1
Mahakali,High Himalayan,33.57,5627.11,4083.35,133.68,58.87,27.86,1
Mahakali,Mid-Mountain,44.19,4189.39,4248.22,331.84,32.57,11.74,1
Bagmati,Sub-Himalayan,9.44,3959.18,4935.96,107.12,28.71,34.3,1
Gandaki,Mid-Mountain,37.13,4407.63,4060.78,80.56,74.26,10.36,1
Narayani,Inner Terai,23.41,7628.26,3206.23,499.74,78.13,25.03,1
Bagmati,High Himalayan,16.81,4118.12,2026.49,314.96,79.51,24.07,1
Narayani,High Himalayan,5.51,8320.72,2950.68,221.18,67.39,13.37,1
Narayani,Inner Terai,33.1,4494.15,684.81,151.2,59.81,13.77,1
Kamala,Inner Terai,10.61,8402.08,3851.71,305.92,40.74,29.82,1
Mahakali,Sub-Himalayan,16.71,7380.6,2506.8,34.3,30.28,32.19,1
Karnali,High Himalayan,2.81,3251.42,590.1,56.39,24.74,17.08,1
Kamala,Mid-Mountain,36.06,7651.04,781.28,26.1,61.6,20.95,1
Kamala,Lesser Himalayan,34.5,1036.14,2243.6,254.59,67.08,18.87,1
Narayani,Lesser Himalayan,33.01,8190.06,3125.4,304.3,69.59,11.81,1
Rapti,Inner Terai,13.47,5614.57,2588.92,40.62,74.83,26.83,1
Mahakali,Sub-Himalayan,7.81,547.44,3286.42,363.4,72.8,30.63,1
Gandaki,Lesser Himalayan,28.69,5725.29,2661.32,122.89,79.98,17.62,1
Kamala,High Himalayan,22.33,8621.95,3477.67,345.75,34.64,34.75,1
Karnali,Inner Terai,8.02,682.71,1486.07,491.13,65.8,11.9,1
Rapti,Mid-Mountain,30.87,4939.05,1007.79,348.64,55.19,26.54,1
Rapti,Inner Terai,44.6,6634.14,3183.95,442.76,35.67,21.21,1
Gandaki,Mid-Mountain,33.62,7182.45,2681.1,474.62,78.91,21.17,1
Kamala,Inner Terai,33.3,3702.58,620.9,248.51,73.87,21.44,1
Karnali,Inner Terai,42.76,1862.17,2212.17,354.14,27.71,16.47,1
Mahakali,Inner Terai,9.13,441.68,977.57,427.46,21.57,27.89,1
Koshi,Mid-Mountain,25.45,5158.84,2891.11,184.74,61.3,28.04,1
Karnali,Mid-Mountain,44.08,4045.65,2281.0,138.08,56.25,17.06,1
Gandaki,Inner Terai,7.44,8398.08,3259.18,473.83,76.15,30.88,1
Rapti,Lesser Himalayan,31.51,601.99,4125.21,365.89,34.04,17.92,1
Mahakali,Sub-Himalayan,26.36,6086.4,1848.51,117.64,25.06,28.13,1
Karnali,Sub-Himalayan,26.39,289.15,4829.46,230.05,35.55,13.02,1
Koshi,Sub-Himalayan,31.4,1574.85,2910.36,400.26,21.14,14.22,1
Koshi,Mid-Mountain,41.83,4051.52,3282.31,278.06,22.15,17.89,1
Narayani,Mid-Mountain,35.22,4062.87,3563.03,328.48,74.89,24.85,1
Narayani,Lesser Himalayan,2.53,6089.08,3500.29,379.35,41.12,26.14,1
Bagmati,Sub-Himalayan,38.37,8059.85,2799.37,314.78,44.65,19.91,1
Gandaki,Sub-Himalayan,10.15,5679.42,2429.44,274.64,21.1,11.95,1
Kamala,Inner Terai,16.96,8440.13,742.02,377.31,36.23,19.34,1
Karnali,Mid-Mountain,20.78,7808.82,599.39,366.51,68.28,27.22,1
Karnali,Sub-Himalayan,21.64,5200.74,2110.83,318.64,56.93,26.77,1
Kamala,Lesser Himalayan,19.58,7389.03,2001.47,186.3,65.23,14.0,1
Bagmati,Lesser Himalayan,42.18,5710.55,2244.63,208.85,46.83,10.19,1
Rapti,Sub-Himalayan,31.77,759.58,1122.66,485.51,38.58,28.82,1
Rapti,Mid-Mountain,28.4,6570.68,3821.76,65.07,48.97,12.66,1
Bagmati,Lesser Himalayan,2.24,903.11,4356.34,141.57,39.38,12.06,1
Rapti,Inner Terai,40.68,5284.86,4724.22,251.28,70.34,10.07,1
Narayani,Lesser Himalayan,40.92,6237.78,2715.63,420.0,37.86,20.82,1
Karnali,High Himalayan,35.11,653.98,3653.9,90.2,59.59,22.58,1
Bagmati,High Himalayan,0.32,2095.92,4349.98,145.71,28.22,25.94,1
Karnali,Mid-Mountain,2.58,8107.77,2382.31,42.24,61.21,17.4,1
Kamala,Sub-Himalayan,10.14,5480.01,1892.36,355.93,74.8,27.76,1
Koshi,Mid-Mountain,5.91,2231.9,4715.26,126.72,56.51,14.23,1
Narayani,Mid-Mountain,17.95,6132.79,2820.54,200.45,53.59,30.8,1
Mahakali,Mid-Mountain,41.52,5308.5,2737.64,227.41,77.67,24.3,1
Narayani,Mid-Mountain,21.24,4472.83,1302.87,446.74,57.64,24.6,1
Bagmati,Inner Terai,0.6,8638.97,986.7,211.55,35.57,15.24,1
Mahakali,Inner Terai,12.72,6069.36,4289.48,81.16,37.54,11.85,1
Koshi,Lesser Himalayan,2.01,3365.62,3263.6,266.91,62.32,21.62,1
Bagmati,High Himalayan,1.63,7093.04,1966.21,481.85,64.13,25.39,1
Gandaki,Mid-Mountain,12.41,7834.87,1362.81,307.77,38.21,12.38,1
Karnali,Lesser Himalayan,12.4,1169.19,2999.74,491.86,40.72,33.76,1
Koshi,High Himalayan,35.42,1830.45,3127.64,422.14,79.46,34.51,1
Karnali,Sub-Himalayan,43.87,1968.04,1431.47,27.62,26.12,23.64,1
Rapti,Inner Terai,16.7,6137.46,4331.33,332.62,44.28,33.75,1
Gandaki,High Himalayan,19.3,5363.48,879.19,150.52,23.75,14.49,1
Gandaki,Sub-Himalayan,38.02,5503.51,2102.42,284.21,69.26,10.64,1
Koshi,High Himalayan,12.07,8328.11,3561.73,146.88,25.54,10.99,1
Gandaki,Inner Terai,7.04,6880.95,1733.54,180.95,60.44,24.69,1
Mahakali,Inner Terai,38.39,1193.03,4224.54,462.35,23.39,11.54,1
Gandaki,Lesser Himalayan,2.09,3120.42,3829.41,111.26,60.37,33.96,1
Karnali,Mid-Mountain,27.89,3891.89,4050.6,438.31,70.58,13.55,1
Karnali,High Himalayan,25.29,3545.75,1035.98,24.92,43.93,17.62,1
Bagmati,High Himalayan,15.57,5945.19,1132.46,54.53,51.33,30.56,1
Karnali,Sub-Himalayan,14.18,7899.04,1789.13,428.79,44.09,15.47,1
Bagmati,Inner Terai,34.73,2756.52,2831.35,318.97,38.03,16.07,1
Karnali,High Himalayan,3.89,4914.38,3866.07,376.15,68.2,26.06,1
Mahakali,Inner Terai,10.66,6999.44,4264.39,112.61,36.32,16.9,1
Kamala,High Himalayan,32.96,3723.56,3669.51,273.17,63.38,15.44,1
Bagmati,Lesser Himalayan,24.67,1545.74,4678.69,371.24,32.37,16.35,1
Narayani,Mid-Mountain,5.76,4239.12,3824.35,317.38,34.99,22.27,1
Rapti,High Himalayan,39.7,554.74,1878.21,241.13,40.19,34.15,1
Koshi,Inner Terai,17.71,8342.24,1692.87,480.29,55.35,30.81,1
Karnali,Lesser Himalayan,37.25,726.78,3632.87,341.32,47.27,17.12,1
Gandaki,High Himalayan,35.45,3918.77,1367.92,454.8,64.71,19.08,1
Kamala,Sub-Himalayan,28.1,4721.3,917.22,367.59,32.81,21.61,1
Karnali,Mid-Mountain,22.25,8719.0,2895.0,370.38,20.64,34.47,1
Gandaki,High Himalayan,44.08,1527.34,4197.39,49.21,66.59,14.31,1
Rapti,Lesser Himalayan,6.52,1074.48,956.21,186.14,69.3,18.94,1
Rapti,Sub-Himalayan,32.63,146.42,4063.51,430.6,23.57,28.24,1
Rapti,Lesser Himalayan,8.6,1435.61,4152.07,123.98,56.65,34.1,1
Gandaki,Lesser Himalayan,15.22,1889.44,2670.23,66.6,42.69,13.89,1
Karnali,Sub-Himalayan,13.89,5605.24,757.9,169.79,67.63,15.68,1
Rapti,Lesser Himalayan,42.62,1998.59,1285.65,118.01,72.46,15.64,1
Mahakali,Sub-Himalayan,43.53,250.13,3683.42,463.39,71.06,10.52,1
Bagmati,High Himalayan,8.24,7326.06,3703.0,435.3,66.63,25.1,1
Gandaki,Sub-Himalayan,0.99,3279.2,4542.6,254.84,36.14,26.77,1
Gandaki,Sub-Himalayan,32.4,3174.75,3122.09,40.06,68.71,25.06,1
Karnali,Mid-Mountain,18.81,2725.16,1058.48,360.14,52.01,11.78,1
Gandaki,Sub-Himalayan,4.0,8631.83,1046.37,315.47,23.17,11.73,1
Gandaki,Sub-Himalayan,30.77,1563.27,3745.1,485.57,47.42,15.26,1
Rapti,High Himalayan,24.53,7954.73,1327.03,283.89,76.53,17.26,1
Karnali,Mid-Mountain,44.12,6888.78,1977.73,174.83,73.27,29.66,1
Rapti,Inner Terai,10.23,741.34,2692.45,264.32,26.14,13.98,1
Bagmati,High Himalayan,18.18,8731.51,611.44,489.84,64.65,11.1,1
Kamala,High Himalayan,24.41,2452.05,1619.69,351.22,68.35,19.85,1
Bagmati,Inner Terai,35.63,935.36,2335.5,339.27,36.28,20.41,1
Kamala,Sub-Himalayan,24.7,7349.72,1758.36,127.93,48.3,21.27,1
Rapti,Lesser Himalayan,27.58,6273.2,1113.67,374.37,62.66,30.67,1
Bagmati,Mid-Mountain,10.18,5487.95,3776.06,377.63,46.34,12.45,1
Karnali,Lesser Himalayan,38.11,1439.2,4159.16,165.47,26.77,27.6,1
Koshi,Inner Terai,19.29,4270.24,1658.66,247.02,62.35,18.45,1
Rapti,High Himalayan,6.34,6921.72,3984.89,154.36,74.7,17.75,1
Kamala,High Himalayan,29.89,2735.21,2234.99,136.77,59.15,33.31,1
Mahakali,Mid-Mountain,9.72,2806.01,2780.09,22.69,66.43,16.21,1
Kamala,High Himalayan,4.39,97.57,4352.0,149.75,41.5,26.06,1
Mahakali,High Himalayan,38.79,1599.51,3874.79,281.45,30.99,16.88,1
Gandaki,Mid-Mountain,20.71,7754.31,4123.03,10.78,58.57,22.68,1
Bagmati,Mid-Mountain,33.72,3947.65,1115.8,148.78,39.67,29.66,1
Mahakali,Inner Terai,13.08,8709.61,813.74,441.89,71.6,32.04,1
Kamala,High Himalayan,35.41,3543.52,4520.32,300.89,27.36,30.97,1
Gandaki,High Himalayan,5.04,6347.91,2245.25,307.85,46.01,24.55,1
Koshi,Inner Terai,16.02,2544.69,1795.46,207.65,43.8,16.22,1
Karnali,Sub-Himalayan,44.01,3263.52,3761.13,341.47,76.28,26.53,1
Karnali,Sub-Himalayan,35.73,1744.19,4263.87,103.07,29.19,27.75,1
Karnali,Sub-Himalayan,22.38,3116.51,4381.2,411.19,20.59,10.27,1
Mahakali,Inner Terai,15.29,4873.65,1921.99,67.18,34.29,20.98,1
Koshi,High Himalayan,39.25,8775.78,4334.96,331.44,69.22,31.08,1
Mahakali,Inner Terai,24.52,5900.36,684.2,177.16,32.56,22.24,1
Bagmati,Inner Terai,34.13,1818.98,723.48,376.28,34.45,17.78,1
Mahakali,Sub-Himalayan,33.93,464.67,3305.84,279.38,27.79,31.79,1
Koshi,Lesser Himalayan,0.81,1179.16,783.98,231.65,62.93,13.9,1
Koshi,High Himalayan,5.68,5008.11,1960.74,93.02,24.15,15.16,1
Bagmati,Sub-Himalayan,29.68,6786.58,3527.4,322.04,39.87,27.18,1
Koshi,Lesser Himalayan,7.27,8325.0,2017.7,487.64,36.95,18.81,1
Kamala,Lesser Himalayan,11.5,208.9,1308.2,414.55,53.31,27.83,1
Koshi,Mid-Mountain,42.6,4658.79,1766.08,39.4,63.82,13.94,1
Karnali,High Himalayan,25.21,4203.27,2559.09,194.35,51.97,16.31,1
Kamala,Lesser Himalayan,33.78,5828.85,2639.24,463.54,75.86,13.92,1
Kamala,Sub-Himalayan,25.11,4981.98,4023.5,256.49,77.09,33.82,1
Bagmati,Mid-Mountain,24.86,6100.83,3875.69,334.43,41.69,20.14,1
Narayani,High Himalayan,4.24,5846.65,2555.68,457.17,66.66,18.43,1
Narayani,Inner Terai,15.46,1097.13,4305.5,438.16,64.33,10.36,1
Koshi,Sub-Himalayan,12.71,7089.92,1014.07,255.89,73.58,13.84,1
Kamala,Lesser Himalayan,17.58,1151.74,1649.09,224.45,46.88,20.53,1
Narayani,Lesser Himalayan,35.93,6201.7,4225.89,176.45,51.83,11.71,1
Narayani,Sub-Himalayan,16.74,3722.92,2200.97,362.32,44.95,22.77,1
Koshi,Lesser Himalayan,20.33,4580.58,4915.32,150.62,71.02,21.38,1
Narayani,Mid-Mountain,17.88,7999.15,2598.14,132.44,33.78,29.18,1
Mahakali,High Himalayan,4.2,7881.4,4063.71,184.56,34.38,26.5,1
Gandaki,Mid-Mountain,19.85,7249.14,2310.38,96.84,42.36,21.15,1
Bagmati,Lesser Himalayan,8.8,4548.08,2412.29,350.61,33.82,15.62,1
Gandaki,Inner Terai,8.4,6532.71,2222.97,311.96,53.66,28.17,1
Koshi,High Himalayan,4.23,4572.21,3735.84,246.61,28.07,27.7,1
Karnali,High Himalayan,16.05,7703.4,2963.83,201.26,39.21,13.83,1
Bagmati,Sub-Himalayan,34.09,3605.57,4747.0,455.44,74.81,32.87,1
Koshi,Sub-Himalayan,12.44,8586.73,1629.01,24.27,44.55,11.61,1
Kamala,Inner Terai,14.06,8253.93,952.53,386.86,64.89,11.38,1
Karnali,High Himalayan,28.92,6579.79,2269.68,451.94,26.81,14.68,1
Gandaki,Inner Terai,8.81,2522.71,3275.21,228.71,34.85,32.74,1
Koshi,Sub-Himalayan,40.36,1225.66,4373.6,279.84,68.44,23.0,1
Kamala,Sub-Himalayan,23.41,7572.59,2057.89,472.79,65.78,29.7,1
Bagmati,High Himalayan,20.14,1521.02,3442.04,114.02,43.17,15.7,1
Bagmati,Mid-Mountain,25.1,7568.7,2075.89,264.87,77.26,22.26,1
Rapti,Lesser Himalayan,7.47,4377.94,3277.49,242.61,74.64,18.96,1
Kamala,Sub-Himalayan,27.61,3638.76,4481.64,136.61,77.74,30.7,1
Mahakali,Sub-Himalayan,16.34,7998.21,1541.11,411.11,45.67,10.57,1
Narayani,Mid-Mountain,40.37,5370.6,2319.09,450.8,31.85,16.1,1
Karnali,Mid-Mountain,7.6,5131.52,4969.69,393.15,57.6,13.81,1
Kamala,Inner Terai,22.82,4974.85,4408.51,105.73,61.09,31.48,1
Rapti,Inner Terai,26.92,3328.13,3040.88,52.51,27.53,21.69,1
Narayani,Lesser Himalayan,1.5,6966.38,2824.82,306.67,67.19,20.11,1
Narayani,Lesser Himalayan,16.37,2289.06,1780.7,37.98,21.08,21.24,1
Koshi,High Himalayan,32.97,8311.62,2827.44,339.68,48.96,34.3,1
Narayani,Inner Terai,36.92,7917.4,4316.82,269.91,39.86,31.26,1
Mahakali,Sub-Himalayan,14.09,3032.4,3583.29,334.77,64.42,27.66,1
Bagmati,Inner Terai,35.94,6473.23,1805.2,299.18,38.77,17.26,1
Rapti,Sub-Himalayan,43.55,5101.75,1406.59,217.12,69.61,14.13,1
Narayani,Mid-Mountain,38.56,3033.89,1693.44,108.43,55.7,33.04,1
Koshi,Inner Terai,5.29,8747.24,1263.92,159.79,67.63,20.58,1
Mahakali,Mid-Mountain,33.29,291.53,930.38,267.01,79.36,16.97,1
Gandaki,Lesser Himalayan,14.39,2287.73,2386.11,329.42,60.75,21.77,1
Bagmati,Lesser Himalayan,44.48,4635.21,1009.85,391.95,79.1,32.95,1
Bagmati,High Himalayan,21.84,4651.7,1273.61,385.91,21.73,19.68,1
Rapti,Inner Terai,5.51,5239.65,2962.96,486.62,40.29,24.07,1
Bagmati,Mid-Mountain,32.63,6668.21,1240.7,150.06,26.47,30.07,1
Narayani,Sub-Himalayan,14.54,5542.89,787.46,44.84,35.74,20.68,1
Koshi,Lesser Himalayan,44.87,5339.27,1928.25,179.37,70.33,15.84,1
Bagmati,Lesser Himalayan,44.09,539.75,1491.44,374.21,21.94,34.86,1
Bagmati,Sub-Himalayan,29.53,3375.18,2818.87,224.67,51.21,33.91,1
Gandaki,Mid-Mountain,5.84,2106.99,960.65,410.72,54.03,31.09,1
Gandaki,Mid-Mountain,30.91,2399.42,3882.97,279.17,53.67,27.21,1
Karnali,Inner Terai,4.19,4935.97,4578.05,465.6,48.52,17.37,1
Mahakali,Inner Terai,1.32,1821.26,3845.46,474.45,67.44,32.84,1
Narayani,High Himalayan,37.03,2650.29,2897.72,43.96,28.01,16.89,1
Bagmati,Lesser Himalayan,9.44,2151.13,4373.01,233.64,38.63,30.02,1
Kamala,Inner Terai,17.06,8395.96,3627.13,308.75,56.94,32.96,1
Bagmati,Mid-Mountain,43.81,8362.28,547.48,135.38,61.46,25.08,1
Koshi,Sub-Himalayan,15.16,5424.07,2273.41,209.47,44.25,30.08,1
Karnali,Mid-Mountain,13.34,8185.46,4329.28,342.06,72.52,29.79,1
Mahakali,Lesser Himalayan,41.32,6967.86,2056.36,121.1,44.93,14.83,1
Kamala,Mid-Mountain,4.98,5248.56,658.47,304.97,44.17,26.7,1
Karnali,High Himalayan,34.18,126.49,3857.81,351.75,22.17,12.34,1
Rapti,Lesser Himalayan,44.46,6851.15,4109.17,54.34,53.07,22.7,1
Mahakali,Sub-Himalayan,40.56,6236.44,1222.67,253.79,62.52,14.06,1
Bagmati,High Himalayan,29.33,5470.7,2918.03,138.91,26.87,20.41,1
Bagmati,Lesser Himalayan,14.13,6745.0,1363.8,364.95,38.33,30.82,1
Mahakali,Sub-Himalayan,11.44,4572.43,3736.55,102.88,66.88,34.68,1
Bagmati,High Himalayan,36.87,6250.44,1721.98,447.2,41.96,17.95,1
Narayani,High Himalayan,39.59,8278.94,1922.97,221.16,34.5,23.3,1
Mahakali,Lesser Himalayan,23.64,3368.82,4302.37,107.02,60.33,22.78,1
Karnali,Inner Terai,11.0,6285.89,2643.45,224.63,31.81,33.86,1
Mahakali,High Himalayan,5.08,4245.59,3513.9,210.28,73.74,21.96,1
Kamala,High Himalayan,3.92,5989.88,2310.68,220.17,26.34,27.48,1
Bagmati,Sub-Himalayan,32.36,6766.68,1841.03,296.93,62.39,33.04,1
Narayani,Mid-Mountain,18.91,468.98,3314.65,265.38,49.97,19.33,1
Narayani,Lesser Himalayan,40.74,5745.86,1196.86,83.39,72.2,32.55,1
Rapti,Lesser Himalayan,33.29,2060.33,2178.5,42.13,27.57,32.94,1
Karnali,Inner Terai,8.61,5951.55,1440.67,367.41,60.67,33.27,1
Gandaki,Inner Terai,27.62,4181.0,3631.08,284.26,54.32,16.76,1
Gandaki,Lesser Himalayan,19.6,6860.25,4748.94,185.91,48.81,20.01,1
Mahakali,Inner Terai,25.98,1153.21,4979.8,406.1,49.48,31.76,1
Rapti,Sub-Himalayan,33.21,5567.86,2526.25,200.15,63.32,18.98,1
Koshi,Lesser Himalayan,36.28,2514.42,1636.39,400.02,76.26,25.01,1
Mahakali,Inner Terai,37.97,7557.48,2492.73,159.82,25.48,12.95,1
Rapti,Lesser Himalayan,11.43,8219.35,4312.71,45.69,21.17,11.41,1
Karnali,Mid-Mountain,1.4,8816.38,1427.03,466.99,68.34,20.3,1
Karnali,High Himalayan,33.27,7057.35,4784.43,203.33,26.49,24.47,1
Karnali,Lesser Himalayan,4.79,6686.28,2038.4,398.42,79.2,19.82,1
Karnali,High Himalayan,14.17,1961.67,4936.12,146.78,57.16,24.44,1
Karnali,Inner Terai,0.17,3019.47,4273.74,326.72,59.05,22.88,1
Rapti,High Himalayan,30.68,4157.76,4138.57,437.92,31.93,27.14,1
Rapti,Lesser Himalayan,7.52,6858.74,1930.57,30.41,34.42,26.24,1
Narayani,Mid-Mountain,29.49,8101.57,539.5,417.01,59.56,20.61,1
Kamala,Inner Terai,44.63,1730.26,2219.6,289.95,74.58,20.62,1
Gandaki,Lesser Himalayan,3.27,8166.54,1858.14,307.66,78.94,13.52,1
Bagmati,Inner Terai,3.47,6176.19,668.29,266.35,31.88,22.83,1
Karnali,Sub-Himalayan,15.32,5431.35,2774.14,438.49,28.05,24.68,1
Koshi,High Himalayan,38.99,1824.21,2313.64,31.28,23.38,21.91,1
Bagmati,Sub-Himalayan,9.7,557.4,3355.5,137.9,72.1,18.14,1
Rapti,Lesser Himalayan,16.22,5059.98,3295.34,439.12,37.68,28.04,1
Koshi,Mid-Mountain,3.08,5789.0,1043.36,378.65,20.11,11.87,1
Koshi,Inner Terai,34.34,1920.24,4896.34,18.65,33.43,32.86,1
Koshi,High Himalayan,18.37,4954.57,1341.19,263.33,40.43,10.52,1
Narayani,Inner Terai,34.17,7588.3,2503.73,269.49,79.46,34.06,1
Rapti,Lesser Himalayan,40.66,7400.21,2696.53,206.43,51.41,21.56,1
Koshi,Inner Terai,10.47,8210.32,4158.78,155.72,32.28,20.32,1
Karnali,High Himalayan,36.33,3281.75,946.53,344.05,40.09,16.41,1
Mahakali,Lesser Himalayan,2.66,2861.84,2428.9,111.82,39.82,10.25,1
Koshi,Inner Terai,40.45,6648.46,3328.26,401.48,21.18,16.87,1
Narayani,Mid-Mountain,29.28,3854.3,1468.2,403.49,28.11,12.73,1
Bagmati,Lesser Himalayan,39.34,838.5,3323.61,213.48,61.71,26.5,1
Rapti,Lesser Himalayan,0.01,2552.43,4656.49,148.94,27.22,17.98,1
Kamala,Mid-Mountain,7.61,3744.32,4988.83,149.1,33.84,29.18,1
Narayani,Sub-Himalayan,17.54,2637.71,646.03,246.32,41.04,15.17,1
Koshi,High Himalayan,17.08,2986.1,1560.15,362.59,65.46,32.51,1
Rapti,Sub-Himalayan,10.2,2648.76,1896.38,185.85,54.94,23.07,1
Mahakali,Inner Terai,17.17,434.28,2296.07,308.92,61.34,12.86,1
Koshi,Mid-Mountain,5.8,5662.42,1590.16,197.42,54.02,20.02,1
Narayani,Sub-Himalayan,18.57,5313.03,1415.7,159.22,61.02,15.17,1
Gandaki,Lesser Himalayan,36.11,5805.4,4795.49,22.18,20.17,14.99,1
Karnali,Inner Terai,21.56,1758.1,4633.35,11.92,75.85,22.66,1
Kamala,Inner Terai,0.81,2665.26,711.47,121.33,26.66,26.8,1
Bagmati,Sub-Himalayan,18.96,5508.99,2024.66,209.14,44.37,32.79,1
Narayani,Sub-Himalayan,1.22,5333.53,2323.17,427.12,66.26,22.55,1
Rapti,Mid-Mountain,43.48,4514.57,1575.57,401.26,46.11,34.15,1
Kamala,High Himalayan,5.74,3145.93,3329.93,140.91,76.81,33.54,1
Kamala,Sub-Himalayan,31.85,8083.71,3381.71,129.82,48.06,31.63,1
Kamala,Sub-Himalayan,43.77,3052.5,4327.27,121.39,72.5,22.5,1
Koshi,Lesser Himalayan,37.17,4069.42,3833.91,176.23,68.65,13.52,1
Karnali,Inner Terai,31.47,6022.48,2941.58,254.12,78.86,15.45,1
Koshi,High Himalayan,37.78,4836.64,3441.14,224.95,75.59,26.19,1
Rapti,Lesser Himalayan,44.18,3114.97,1732.95,116.95,73.89,20.54,1
Koshi,Mid-Mountain,27.96,3894.09,3168.75,73.92,63.9,13.67,1
Gandaki,Mid-Mountain,25.16,7043.95,2701.52,16.16,42.02,21.97,1
Karnali,Sub-Himalayan,28.27,2511.42,1100.05,85.44,26.37,10.44,1
Karnali,Sub-Himalayan,23.97,1318.72,1591.45,355.62,61.32,28.35,1
Rapti,Mid-Mountain,28.58,2818.95,1812.62,129.38,78.72,11.84,1
Bagmati,Sub-Himalayan,20.24,7527.21,4659.39,239.61,63.6,25.73,1
Gandaki,High Himalayan,9.83,851.15,1536.74,299.74,75.72,29.83,1
Narayani,Sub-Himalayan,5.41,8775.11,1801.6,444.55,68.26,13.32,1
Koshi,Inner Terai,3.08,4818.92,2162.09,445.54,29.79,22.97,1
Mahakali,Sub-Himalayan,11.85,8714.98,3486.84,375.41,34.95,29.48,1
Koshi,Lesser Himalayan,2.08,8312.51,1032.07,27.23,40.51,16.52,1
Kamala,High Himalayan,25.52,4044.8,4792.75,291.78,30.1,14.07,1
Koshi,Lesser Himalayan,12.77,1812.35,4395.07,395.43,54.9,18.42,1
Narayani,Lesser Himalayan,37.1,1517.36,3097.47,18.47,78.53,23.87,1
Koshi,Inner Terai,3.34,2176.63,3533.17,279.35,65.69,24.38,1
Gandaki,High Himalayan,10.19,6303.54,574.97,430.3,45.4,13.27,1
Gandaki,High Himalayan,32.86,2465.96,2025.25,242.31,20.27,21.44,1
Karnali,High Himalayan,26.95,3067.03,4080.47,12.01,38.8,16.71,1
Rapti,High Himalayan,2.9,4009.38,848.67,15.4,51.61,31.05,1
Bagmati,High Himalayan,39.48,8086.36,1770.41,214.15,39.46,17.84,1
Mahakali,Inner Terai,39.48,1732.5,3133.84,85.95,26.66,30.97,1
Kamala,Sub-Himalayan,14.87,114.12,1653.86,335.58,46.57,20.71,1
Koshi,Lesser Himalayan,15.32,597.53,4702.9,357.31,35.2,28.16,1
Koshi,High Himalayan,44.51,8012.04,1089.76,97.16,74.55,22.75,1
Narayani,Sub-Himalayan,28.18,5753.9,4088.27,445.38,26.11,25.55,1
Rapti,Sub-Himalayan,23.91,2466.75,2785.77,226.53,22.95,19.88,1
Gandaki,Lesser Himalayan,37.72,1625.4,3876.49,79.99,20.32,29.21,1
Mahakali,Inner Terai,12.84,2653.07,1898.22,384.48,39.68,20.63,1
Karnali,Mid-Mountain,19.31,1077.69,2815.2,397.09,59.62,21.44,1
Gandaki,Mid-Mountain,12.05,8334.78,4355.76,323.25,63.82,22.94,1
Kamala,Sub-Himalayan,35.51,6953.76,2600.95,428.2,47.2,30.8,1
Rapti,Lesser Himalayan,25.8,4128.87,2118.74,371.31,61.06,26.48,1
Kamala,Mid-Mountain,29.65,7662.64,2912.7,442.28,41.59,18.73,1
Bagmati,Sub-Himalayan,11.35,2259.74,3728.13,222.61,60.07,26.76,1
Karnali,Inner Terai,9.91,6364.88,2496.04,376.32,22.44,26.06,1
Bagmati,Mid-Mountain,21.98,7585.13,4724.95,499.88,43.45,33.28,1
Narayani,Sub-Himalayan,33.19,3201.72,1827.26,365.22,67.45,31.04,1
Kamala,Sub-Himalayan,23.64,6719.02,2639.59,65.95,68.18,26.19,1
Narayani,High Himalayan,1.47,2660.15,3906.17,263.98,62.97,18.54,1
Koshi,Inner Terai,39.08,2693.37,3601.04,297.8,32.25,29.49,1
Bagmati,High Himalayan,2.91,1009.75,4386.38,95.36,34.83,24.38,1
Rapti,Lesser Himalayan,43.01,3932.83,4985.64,481.82,79.77,34.63,1
Kamala,High Himalayan,1.13,6475.41,2420.86,96.03,26.2,16.19,1
Mahakali,High Himalayan,31.25,8323.26,1000.18,97.0,30.84,11.99,1
Karnali,Mid-Mountain,3.7,5370.13,636.87,458.43,27.8,11.75,1
Gandaki,Sub-Himalayan,40.98,7646.6,3770.95,237.95,39.66,26.0,1
Rapti,Inner Terai,20.9,7289.86,4433.06,40.96,32.61,33.48,1
Rapti,High Himalayan,6.19,1591.61,1493.21,303.11,49.86,10.05,1
Narayani,Inner Terai,15.34,4334.51,1213.02,304.89,48.56,28.14,1
Bagmati,High Himalayan,7.42,1096.35,779.92,41.61,74.09,26.43,1
Kamala,Lesser Himalayan,7.68,6057.94,4202.16,486.54,22.08,28.31,1
Kamala,High Himalayan,42.66,8408.22,1901.22,276.57,39.19,18.89,1
Koshi,Mid-Mountain,20.04,1273.37,2307.64,284.3,55.8,30.51,1
Koshi,Sub-Himalayan,35.5,6512.03,2762.38,264.86,56.29,11.12,1
Karnali,Lesser Himalayan,28.78,5619.79,4277.54,309.26,48.81,28.89,1
Narayani,High Himalayan,30.44,5192.89,3428.75,139.51,68.94,16.68,1
Rapti,Inner Terai,5.93,3494.48,3267.79,150.75,23.76,21.92,1
Kamala,Lesser Himalayan,10.54,3187.35,1290.52,260.56,68.93,30.57,1
Mahakali,Lesser Himalayan,35.4,467.2,2809.35,405.28,49.69,16.78,1
Narayani,High Himalayan,43.68,1982.8,3719.21,34.43,28.03,14.63,1
Karnali,Lesser Himalayan,11.82,203.22,4879.67,305.67,73.14,27.03,1
Karnali,Inner Terai,12.22,5173.68,1406.33,405.32,58.95,23.33,1
Narayani,Lesser Himalayan,21.28,999.18,542.95,86.89,29.81,22.86,1
Karnali,Inner Terai,44.27,7733.36,838.86,17.36,22.02,16.42,1
Narayani,High Himalayan,12.1,4662.15,2191.34,163.23,28.47,10.87,1
Gandaki,Sub-Himalayan,18.31,6211.88,4192.45,298.19,56.53,20.26,1
Narayani,Lesser Himalayan,40.12,3676.5,532.14,77.76,30.76,12.66,1
Bagmati,Sub-Himalayan,0.13,4990.77,2555.29,218.8,33.55,32.65,1
Narayani,Inner Terai,1.79,8344.66,1981.54,280.64,21.51,11.03,1
Karnali,Lesser Himalayan,27.18,796.24,736.17,303.45,63.38,20.79,1
Kamala,Mid-Mountain,40.83,2299.07,2526.06,144.46,68.62,11.31,1
Bagmati,Sub-Himalayan,10.75,6916.74,1646.37,206.01,67.81,12.39,1
Karnali,Lesser Himalayan,21.13,936.72,2083.48,391.39,27.65,26.47,1
Koshi,Sub-Himalayan,20.27,734.15,3675.27,471.2,74.2,26.18,1
Koshi,Lesser Himalayan,21.28,3243.61,2846.98,432.32,60.34,10.83,1
Kamala,High Himalayan,28.01,879.05,1060.91,286.5,73.85,10.03,1
Kamala,Sub-Himalayan,21.14,5205.82,4826.37,211.04,46.83,11.97,1
Bagmati,Mid-Mountain,20.14,2056.24,3361.6,173.15,46.22,29.07,1
Gandaki,Mid-Mountain,21.34,7932.44,3946.41,71.23,67.07,24.61,1
Kamala,Inner Terai,26.59,6947.56,856.46,62.21,25.6,10.95,1
Koshi,Lesser Himalayan,24.17,6212.01,711.76,347.3,51.25,22.2,1
Narayani,Sub-Himalayan,38.44,5485.53,587.52,137.3,70.18,27.8,1
Karnali,Inner Terai,2.23,7649.5,1349.57,134.78,69.81,31.72,1
Koshi,Sub-Himalayan,37.5,2028.04,2364.84,499.12,77.37,33.35,1
Koshi,Lesser Himalayan,37.98,7734.15,4711.22,102.08,61.9,18.19,1
Gandaki,Mid-Mountain,12.82,7000.16,2556.77,82.55,32.47,13.4,1
Bagmati,High Himalayan,20.83,6637.36,1806.15,58.36,21.22,15.92,1
Bagmati,Mid-Mountain,19.73,4996.7,3028.71,294.1,48.76,29.4,1
Rapti,Inner Terai,9.83,2231.53,1003.71,317.65,50.82,34.29,1
Gandaki,High Himalayan,17.86,3787.9,3242.78,188.96,34.42,21.66,1
Narayani,Inner Terai,2.0,7035.96,3057.94,272.35,27.48,17.63,1
Bagmati,Lesser Himalayan,12.5,348.95,4063.97,396.32,55.17,20.73,1
Karnali,High Himalayan,36.75,6934.84,4940.09,410.87,65.86,17.62,1
Kamala,Inner Terai,12.81,2177.34,1628.93,479.38,79.59,16.41,1
Gandaki,Lesser Himalayan,36.82,1336.75,2793.45,413.89,65.5,24.84,1
Kamala,Mid-Mountain,23.92,1085.63,4589.89,286.77,67.62,10.39,1
Koshi,Lesser Himalayan,39.59,309.2,4033.35,98.03,56.99,16.49,1
Karnali,Sub-Himalayan,25.87,4666.04,2693.33,58.88,79.16,26.53,1
Karnali,Lesser Himalayan,1.34,1985.89,4754.17,36.71,58.4,10.8,1
Koshi,Lesser Himalayan,30.39,8755.23,757.57,336.6,71.62,12.08,1
Gandaki,Sub-Himalayan,2.02,5112.41,4689.49,405.69,76.75,17.33,1
Koshi,Inner Terai,20.28,1280.36,727.28,259.26,75.79,31.95,1
Kamala,Inner Terai,41.82,6115.96,2962.87,36.81,42.88,29.12,1
Rapti,Lesser Himalayan,7.43,7950.39,4506.98,272.38,24.72,10.55,1
Karnali,Sub-Himalayan,17.54,6611.19,1682.24,468.52,30.31,22.54,1
Mahakali,Sub-Himalayan,32.84,740.99,2625.12,302.83,23.55,16.87,1
Mahakali,Mid-Mountain,39.7,7934.07,1959.48,406.62,26.32,26.22,1
Kamala,Inner Terai,30.19,7039.11,4784.65,402.07,31.08,28.04,1
Narayani,High Himalayan,11.62,1459.59,4206.41,466.74,40.47,31.57,1
Bagmati,Inner Terai,30.36,524.58,3690.51,387.41,52.61,21.89,1
Koshi,Inner Terai,13.35,4962.07,3144.32,376.37,62.7,34.86,1
Koshi,Mid-Mountain,32.33,1439.68,4192.66,124.71,32.66,34.5,1
Narayani,High Himalayan,42.93,7396.04,2265.2,39.36,60.35,32.05,1
Narayani,Mid-Mountain,32.46,3215.46,2513.98,263.62,62.26,24.37,1
Kamala,High Himalayan,38.83,8083.37,3785.01,70.97,53.52,19.95,1
Kamala,Lesser Himalayan,0.09,5035.61,2109.9,481.48,74.22,19.11,1
Narayani,High Himalayan,32.29,1673.5,787.55,152.06,26.66,10.3,1
Karnali,Mid-Mountain,37.33,1295.4,834.51,427.94,30.63,16.23,1
Kamala,Inner Terai,1.83,5130.28,1019.13,199.94,45.72,27.97,1
Rapti,High Himalayan,39.22,6757.81,4413.57,168.37,27.6,25.09,1
Kamala,High Himalayan,11.55,6930.06,2625.02,468.23,53.98,32.91,1
Koshi,Sub-Himalayan,29.94,2490.6,3707.97,188.03,43.9,11.25,1
Kamala,Inner Terai,36.02,1862.88,2268.09,201.24,37.08,13.88,1
Karnali,Lesser Himalayan,29.82,217.09,1664.2,61.98,30.2,29.73,1
Narayani,Mid-Mountain,4.15,6032.01,2062.36,338.52,40.12,18.96,1
Koshi,Lesser Himalayan,26.83,742.12,4073.82,151.53,56.48,12.96,1
Kamala,Inner Terai,24.73,3763.44,3313.47,296.95,54.55,34.91,1
Karnali,High Himalayan,40.51,5351.57,4719.38,299.76,29.82,29.68,1
Rapti,High Himalayan,18.19,8295.94,3558.67,362.41,27.5,20.22,1
Kamala,Inner Terai,14.45,2807.0,3065.82,375.17,21.6,30.58,1
Karnali,High Himalayan,33.74,2262.5,3245.88,262.08,20.75,27.02,1
Rapti,High Himalayan,18.57,5812.22,4740.67,172.19,72.79,29.75,1
Narayani,High Himalayan,29.07,5505.68,4046.9,420.35,22.71,30.38,1
Kamala,Mid-Mountain,29.09,2985.26,608.19,161.83,63.87,12.12,1
Rapti,Mid-Mountain,39.96,8216.88,2903.63,258.68,72.32,25.57,1
Koshi,Sub-Himalayan,26.94,7486.2,3597.52,206.61,25.88,10.17,1
Narayani,Lesser Himalayan,22.6,2036.12,3869.14,428.99,46.18,11.09,1
Koshi,Inner Terai,6.25,2169.19,1459.14,221.64,77.74,32.6,1
Mahakali,Inner Terai,5.21,4566.97,4402.3,199.19,70.05,23.19,1
Gandaki,Inner Terai,6.94,6860.42,4801.29,348.01,49.38,28.4,1
Kamala,Sub-Himalayan,7.73,456.59,1565.22,305.2,65.75,30.96,1
Rapti,Mid-Mountain,28.7,6156.1,4471.77,62.55,70.0,33.74,1
Gandaki,Sub-Himalayan,33.34,5760.21,936.4,259.0,40.88,31.73,1
Gandaki,Inner Terai,23.85,2101.93,750.68,370.38,73.53,22.08,1
Rapti,Lesser Himalayan,37.31,6050.92,1081.51,496.12,48.23,18.4,1
Narayani,High Himalayan,44.61,8322.93,759.83,318.28,51.67,13.86,1
Kamala,Mid-Mountain,36.9,480.69,4302.56,191.44,79.98,20.01,1
Mahakali,Mid-Mountain,31.27,2875.91,765.73,120.81,70.6,19.16,1
Koshi,Sub-Himalayan,23.96,3916.32,1722.49,437.69,41.71,23.99,1
Karnali,Mid-Mountain,20.2,7963.71,966.9,409.14,20.62,26.64,1
Koshi,Inner Terai,3.8,8516.73,1829.4,124.62,57.57,34.46,1
Karnali,Inner Terai,17.97,3968.44,907.52,108.31,62.23,28.21,1
Koshi,Sub-Himalayan,40.96,6653.75,3506.01,360.42,59.05,26.09,1
Rapti,Inner Terai,36.36,4736.92,1099.97,164.33,78.07,18.38,1
Mahakali,Lesser Himalayan,9.72,4790.66,4333.31,160.14,71.78,10.86,1
Kamala,Sub-Himalayan,21.0,2511.16,4177.36,84.62,46.93,17.2,1
Karnali,Lesser Himalayan,36.75,1974.44,561.48,139.35,23.77,29.21,1
Kamala,High Himalayan,3.03,2598.11,4530.77,219.48,48.56,15.13,1
Kamala,Lesser Himalayan,17.43,4953.45,630.25,369.09,61.35,27.8,1
Kamala,High Himalayan,38.33,325.92,1578.41,174.79,56.46,24.49,1
Bagmati,High Himalayan,18.18,8033.83,645.75,171.02,52.29,14.3,1
Narayani,Lesser Himalayan,3.49,1441.86,2011.3,149.61,48.13,16.54,1
Koshi,Sub-Himalayan,24.41,2001.94,2812.4,244.36,37.63,22.41,1
Kamala,Inner Terai,38.78,4619.43,4084.9,98.51,36.64,20.46,1
Koshi,Inner Terai,26.56,6303.39,2020.92,247.96,50.01,29.46,1
Kamala,High Himalayan,10.18,910.31,3674.71,355.05,29.64,28.36,1
Karnali,High Himalayan,17.29,2858.72,1343.77,24.6,40.44,24.36,1
Narayani,Sub-Himalayan,20.26,8573.03,3877.69,14.79,39.44,30.56,1
Narayani,Mid-Mountain,26.07,2372.85,1561.98,46.81,55.23,24.07,1
Rapti,Lesser Himalayan,34.17,2817.95,1145.95,272.47,24.0,34.11,1
Bagmati,High Himalayan,4.45,7412.78,1334.34,428.68,69.78,15.43,1
Rapti,Inner Terai,40.03,510.78,1319.28,12.39,53.74,27.85,1
Rapti,Sub-Himalayan,0.55,4148.37,2807.88,468.96,60.25,19.25,1
Rapti,Lesser Himalayan,16.65,3402.28,4301.59,62.08,62.19,16.97,1
Rapti,Sub-Himalayan,1.23,2849.0,858.22,422.57,37.49,14.51,1
Rapti,Lesser Himalayan,17.68,2577.87,3681.3,246.6,48.22,23.81,1
Mahakali,Lesser Himalayan,23.66,872.08,3444.56,333.09,77.37,15.39,1
Narayani,High Himalayan,23.03,2833.54,4426.34,260.23,66.0,15.01,1
Rapti,Sub-Himalayan,7.45,447.91,1598.66,243.75,78.17,34.76,1
Kamala,Sub-Himalayan,29.06,6925.3,2525.49,419.1,64.78,30.04,1
Narayani,Inner Terai,2.02,3565.64,4666.22,380.38,30.54,28.71,1
Narayani,Inner Terai,34.29,3966.59,3469.97,246.87,23.87,29.85,1
Gandaki,High Himalayan,42.6,7913.97,2249.46,64.7,54.66,34.22,1
Mahakali,High Himalayan,15.29,5846.41,1091.36,66.55,41.47,24.33,1
Rapti,Mid-Mountain,23.28,140.74,1681.18,402.75,36.53,15.51,1
Koshi,Inner Terai,17.05,8349.19,3115.47,269.4,68.43,31.56,1
Karnali,Lesser Himalayan,0.3,2151.65,3731.76,245.98,42.02,28.57,1
Bagmati,Sub-Himalayan,17.36,1014.64,1059.9,343.48,39.02,20.36,1
Kamala,High Himalayan,35.63,6812.63,3198.19,430.83,71.0,21.84,1
Koshi,Sub-Himalayan,26.82,4463.19,2976.58,318.15,70.78,20.28,1
Mahakali,Sub-Himalayan,4.56,3877.64,2812.8,383.8,41.38,33.25,1
Karnali,Mid-Mountain,38.12,2260.14,3605.55,384.98,69.95,18.59,1
Mahakali,Inner Terai,23.9,4875.7,4268.52,184.57,71.05,34.09,1
Kamala,High Himalayan,37.88,2478.55,1953.45,144.3,45.44,32.76,1
Narayani,Sub-Himalayan,26.11,7984.1,4500.55,402.57,23.99,25.76,1
Karnali,High Himalayan,25.19,1959.06,1222.85,194.82,20.1,24.5,1
Narayani,Lesser Himalayan,4.74,7832.87,1278.61,452.63,51.4,19.25,1
Kamala,Mid-Mountain,7.53,4980.46,1700.47,44.15,40.64,10.46,1
Koshi,Lesser Himalayan,43.74,7342.47,1037.89,38.53,79.83,13.19,1
Kamala,High Himalayan,10.28,6327.36,1536.44,464.23,66.34,28.86,1
Koshi,High Himalayan,43.99,6185.59,978.85,327.74,65.68,21.79,1
Karnali,Inner Terai,23.94,2917.11,4197.89,196.0,77.31,13.75,1
Karnali,Sub-Himalayan,6.11,2123.15,1125.36,379.98,73.26,16.6,1
Rapti,Sub-Himalayan,4.47,1921.16,3862.84,339.44,39.09,33.7,1
Mahakali,Lesser Himalayan,9.4,7594.43,715.61,270.29,29.96,19.18,1
Rapti,Mid-Mountain,41.65,7271.71,4768.34,58.45,64.75,32.69,1
Mahakali,Sub-Himalayan,18.64,3937.35,3700.22,407.97,42.7,17.62,1
Rapti,Inner Terai,17.79,1232.25,530.58,434.35,48.39,23.58,1
Narayani,Lesser Himalayan,14.09,3425.41,3937.35,94.36,57.82,10.51,1
Karnali,Lesser Himalayan,6.62,5506.6,2813.37,426.75,74.47,23.05,1
Koshi,Inner Terai,21.95,4058.75,4007.14,440.15,45.15,25.92,1
Mahakali,Mid-Mountain,5.85,6918.5,2851.24,279.22,67.0,15.86,1
Kamala,Inner Terai,37.6,8827.13,3384.61,331.53,36.1,24.47,1
Mahakali,Mid-Mountain,16.67,1747.76,4038.49,197.3,61.88,26.18,1
Koshi,Inner Terai,16.87,4104.81,2322.99,148.08,20.09,27.17,1
Rapti,Inner Terai,21.33,3853.18,512.19,363.77,72.29,29.41,1
Mahakali,High Himalayan,19.99,2742.84,4324.76,432.32,21.82,17.78,1
Bagmati,Lesser Himalayan,44.77,1808.88,2214.01,330.5,62.77,24.19,1
Narayani,Inner Terai,24.54,646.65,2732.19,260.68,22.78,34.54,1
Karnali,Inner Terai,3.97,7857.13,534.95,87.87,35.97,32.45,1
Koshi,Sub-Himalayan,27.31,3755.43,2714.41,36.19,49.83,33.82,1
Karnali,Lesser Himalayan,6.82,4431.75,4939.19,228.39,45.2,19.65,1
Bagmati,Sub-Himalayan,1.39,8118.92,1752.2,34.18,31.51,29.67,1
Mahakali,Lesser Himalayan,43.68,6884.28,2279.38,288.97,40.03,25.5,1
Mahakali,Sub-Himalayan,34.81,1215.54,3592.35,197.54,63.66,12.07,1
Kamala,Inner Terai,44.1,5033.26,4166.57,381.02,60.16,30.6,1
Bagmati,Inner Terai,21.5,3952.09,2378.26,159.77,24.31,26.93,1
Koshi,High Himalayan,23.95,7067.92,1893.51,300.56,64.84,14.97,1
Kamala,Sub-Himalayan,7.58,6427.31,4720.22,273.46,23.18,11.99,1
Narayani,Mid-Mountain,11.11,6130.38,3547.15,12.31,52.58,30.93,1
Kamala,High Himalayan,37.73,3059.3,1035.6,45.47,35.6,11.97,1
Gandaki,Sub-Himalayan,16.03,7135.97,810.18,152.28,55.26,12.28,1
Koshi,Sub-Himalayan,37.21,529.89,2675.97,442.3,35.68,20.69,1
Gandaki,High Himalayan,31.91,1471.19,1490.41,82.04,79.1,13.37,1
Bagmati,Inner Terai,7.97,3016.1,1642.93,358.34,38.58,32.84,1
Rapti,Sub-Himalayan,22.84,744.22,4449.61,486.95,34.52,21.76,1
Gandaki,Inner Terai,30.48,2132.78,903.05,397.38,36.71,24.23,1
Narayani,High Himalayan,10.58,7357.07,3719.14,129.04,73.79,33.2,1
Kamala,Inner Terai,37.38,8393.75,1720.14,455.1,58.17,23.26,1
Rapti,Lesser Himalayan,24.52,2743.8,3921.48,55.62,63.84,18.84,1
Kamala,Mid-Mountain,7.44,2391.92,3750.85,239.39,75.08,29.93,1
Gandaki,Sub-Himalayan,26.23,2526.9,533.26,444.9,74.71,21.07,1
Kamala,Mid-Mountain,44.99,2507.82,2791.11,324.22,64.34,17.96,1
Bagmati,Inner Terai,6.77,385.4,1126.94,212.69,31.87,28.08,1
Rapti,Sub-Himalayan,36.75,8206.47,4398.02,153.48,70.6,30.04,1
Bagmati,Inner Terai,9.33,1945.84,4422.14,193.8,32.23,29.79,1
Gandaki,Lesser Himalayan,35.21,3756.8,2382.56,259.38,64.57,34.44,1
Bagmati,High Himalayan,33.06,155.03,2499.78,166.33,61.14,29.67,1
Narayani,Sub-Himalayan,13.52,7601.13,1864.77,484.79,65.53,29.25,1
Gandaki,Lesser Himalayan,14.66,6488.1,3724.73,467.21,51.96,31.44,1
Gandaki,Lesser Himalayan,35.66,8380.62,2113.98,436.63,58.32,10.0,1
Gandaki,Sub-Himalayan,20.77,6931.02,1705.07,216.7,77.2,19.06,1
Koshi,Inner Terai,32.89,2823.72,2445.04,348.74,26.07,28.44,1
Kamala,Lesser Himalayan,6.66,2245.83,911.69,452.39,38.53,24.99,1
Koshi,Mid-Mountain,38.37,6194.55,3859.71,426.71,56.68,14.44,1
Koshi,Lesser Himalayan,31.99,3266.18,556.68,213.02,77.84,17.59,1
Narayani,Inner Terai,40.81,5040.24,3400.18,65.07,25.73,18.42,1
Rapti,Inner Terai,5.96,124.93,1322.89,47.06,21.35,24.2,1
Kamala,Mid-Mountain,26.69,613.23,1545.82,292.76,23.34,30.79,1
Bagmati,Lesser Himalayan,26.96,4769.46,3360.34,324.89,23.14,33.31,1
Mahakali,Inner Terai,15.91,5038.98,4968.25,426.42,74.47,28.75,1
Gandaki,Sub-Himalayan,20.63,6666.25,3999.73,153.33,63.28,31.07,1
Bagmati,High Himalayan,1.71,1228.39,1516.28,92.06,60.63,21.75,1
Gandaki,High Himalayan,33.56,4574.72,1292.11,195.71,51.35,19.74,1
Narayani,High Himalayan,24.72,1776.86,4398.05,183.25,66.92,19.82,1
Gandaki,Lesser Himalayan,2.6,888.08,2498.83,74.91,29.34,25.4,1
Koshi,Mid-Mountain,30.63,3673.33,1116.74,339.42,43.52,13.11,1
Kamala,Inner Terai,21.01,1503.77,4379.95,259.26,49.4,24.49,1
Mahakali,Sub-Himalayan,1.55,2016.8,4172.42,363.35,26.62,26.63,1
Karnali,Sub-Himalayan,43.63,2857.49,4927.58,182.82,45.17,20.97,1
Gandaki,Lesser Himalayan,42.71,2346.91,4593.85,169.59,38.99,33.83,1
Bagmati,High Himalayan,23.08,838.88,4333.06,241.56,22.13,25.21,1
Koshi,Lesser Himalayan,4.22,859.28,736.58,439.93,28.2,15.5,1
Karnali,Mid-Mountain,33.96,1766.34,969.87,29.74,65.84,21.98,1
Mahakali,Mid-Mountain,22.14,513.81,3060.42,404.37,21.08,26.89,1
Karnali,Inner Terai,13.61,5569.04,2891.66,190.8,76.06,18.09,1
Koshi,Inner Terai,22.11,2592.15,2560.83,428.76,25.19,11.99,1
Kamala,Mid-Mountain,23.51,2525.61,2285.55,403.08,67.95,24.59,1
Kamala,Mid-Mountain,25.32,2984.28,2440.45,180.89,73.92,33.7,1
Rapti,Mid-Mountain,19.86,5888.03,3061.84,350.0,76.47,22.13,1
Kamala,Lesser Himalayan,27.26,7712.42,509.34,88.22,72.05,32.65,1
Rapti,Mid-Mountain,41.34,6733.27,1673.19,449.18,37.25,30.88,1
Karnali,Sub-Himalayan,16.3,6456.25,2832.26,208.2,39.99,13.69,1
Narayani,High Himalayan,32.66,4321.99,3749.97,233.26,45.59,27.7,1
Bagmati,Mid-Mountain,40.25,6160.23,1283.71,355.82,28.36,20.89,1
Bagmati,High Himalayan,20.52,4922.15,2960.97,412.21,21.34,16.26,1
Karnali,Lesser Himalayan,19.96,1968.25,3715.07,125.81,72.15,27.17,1
Gandaki,High Himalayan,27.1,1900.99,2500.82,334.06,53.25,28.57,1
Gandaki,Lesser Himalayan,26.61,2671.73,621.87,202.08,56.52,14.5,1
Kamala,Sub-Himalayan,36.3,8065.03,2521.71,190.66,75.62,32.86,1
Bagmati,Lesser Himalayan,21.44,4875.21,1834.0,348.11,59.91,28.78,1
Bagmati,Lesser Himalayan,44.83,6512.22,4683.42,199.72,61.45,33.33,1
Rapti,Inner Terai,2.68,3112.09,1060.76,179.59,67.22,17.93,1
Narayani,Mid-Mountain,0.14,3648.93,3436.14,419.59,26.98,33.48,1
Koshi,Mid-Mountain,28.81,1172.21,737.24,59.63,41.61,19.21,1
Gandaki,Sub-Himalayan,13.43,1573.63,2507.77,341.19,78.09,11.35,1
Bagmati,Sub-Himalayan,10.82,7332.54,2992.91,131.88,75.38,29.07,1
Rapti,Mid-Mountain,14.04,5203.71,1840.8,17.59,73.04,27.59,1
Mahakali,Inner Terai,11.52,3032.86,2547.84,91.71,47.13,24.95,1
Rapti,Mid-Mountain,1.39,7117.43,1235.99,307.26,71.43,22.25,1
Gandaki,Inner Terai,43.72,2233.95,1868.56,357.47,22.9,10.8,1
Gandaki,Sub-Himalayan,9.93,8637.62,3294.98,20.32,28.91,25.61,1
Rapti,High Himalayan,33.03,3096.81,1858.1,27.85,44.84,20.42,1
Koshi,Sub-Himalayan,34.32,3030.92,4548.84,452.25,49.0,24.01,1
Karnali,Sub-Himalayan,41.82,2807.96,3327.83,45.92,35.81,20.73,1
Gandaki,Lesser Himalayan,1.37,1141.89,2473.92,448.15,41.39,34.15,1
Rapti,Lesser Himalayan,39.24,1045.56,674.41,121.8,29.77,25.1,1
Bagmati,Lesser Himalayan,23.73,5759.07,2747.97,372.61,49.35,28.73,1
Rapti,Lesser Himalayan,28.46,7751.79,3941.49,161.77,67.63,33.41,1
Narayani,Inner Terai,29.0,7009.19,1695.01,430.79,59.68,24.79,1
Karnali,Mid-Mountain,36.89,1308.64,4130.48,353.22,26.47,10.3,1
Mahakali,High Himalayan,15.0,4859.12,1633.13,206.89,49.25,10.86,1
Koshi,Sub-Himalayan,32.99,996.88,4206.86,47.39,61.86,27.56,1
Kamala,Inner Terai,23.79,467.6,883.71,369.02,51.79,16.98,1
Mahakali,High Himalayan,35.7,5831.76,4397.83,312.27,43.5,24.48,1
Karnali,Inner Terai,44.57,4767.57,2746.34,11.43,57.31,15.06,1
Karnali,Inner Terai,9.03,790.0,1834.42,14.62,78.12,16.76,1
Karnali,Sub-Himalayan,44.76,376.7,1693.01,406.31,25.69,22.62,1
Mahakali,Mid-Mountain,4.04,8758.08,2444.05,137.11,43.4,34.39,1
Bagmati,Lesser Himalayan,0.1,333.53,4995.72,321.71,44.4,25.41,1
Karnali,Mid-Mountain,1.99,3972.07,1491.47,232.57,54.62,33.4,1
Rapti,Sub-Himalayan,15.38,4499.55,964.47,433.08,29.13,33.98,1
Mahakali,Sub-Himalayan,28.48,1099.49,3132.66,459.31,30.6,15.2,1
Kamala,Sub-Himalayan,3.11,1554.02,2698.44,498.44,37.12,17.78,1
Karnali,High Himalayan,0.25,3158.14,2858.88,85.31,77.35,29.25,1
Rapti,Mid-Mountain,42.17,6755.99,3501.21,432.85,64.05,31.67,1
Bagmati,Mid-Mountain,36.99,4521.17,1702.15,140.35,59.7,22.98,1
Narayani,Inner Terai,36.41,5669.5,4597.99,299.5,69.02,34.83,1
Bagmati,Inner Terai,39.8,8717.86,2460.52,257.83,27.65,10.29,1
Kamala,Inner Terai,31.5,6811.55,1080.89,18.81,71.56,17.49,1
Karnali,Sub-Himalayan,4.7,3882.83,3840.34,467.06,55.69,25.58,1
Kamala,Mid-Mountain,17.96,3988.87,3393.97,48.38,40.12,21.73,1
Mahakali,Sub-Himalayan,32.54,5501.58,1920.85,347.23,68.95,12.92,1
Gandaki,High Himalayan,12.62,5910.58,3296.83,394.65,68.15,19.19,1
Karnali,Inner Terai,30.93,4465.24,1489.38,399.69,70.74,10.64,1
Gandaki,Sub-Himalayan,1.1,5730.59,2501.78,76.39,26.93,26.07,1
Rapti,Sub-Himalayan,13.78,276.57,4547.36,229.31,78.16,32.32,1
Narayani,High Himalayan,24.71,3841.23,1100.9,416.42,77.58,32.12,1
Koshi,Lesser Himalayan,28.44,2518.52,2240.13,158.31,41.45,27.49,1
Kamala,Mid-Mountain,25.97,1203.89,4195.14,239.2,23.95,21.64,1
Bagmati,Lesser Himalayan,31.4,943.82,4862.71,143.67,30.02,22.8,1
Narayani,Inner Terai,0.27,5364.82,2542.67,237.14,79.57,13.42,1
Karnali,Sub-Himalayan,4.54,4666.17,2781.5,445.04,53.78,18.53,1
Gandaki,High Himalayan,39.1,2295.96,3074.77,233.01,41.4,14.69,1
Bagmati,High Himalayan,30.68,4204.0,4695.57,282.4,37.29,30.53,1
Gandaki,Mid-Mountain,5.08,4390.82,4361.93,207.95,35.42,32.87,1
Mahakali,Lesser Himalayan,37.89,1781.79,1267.71,235.46,59.85,23.42,1
Gandaki,Mid-Mountain,10.9,5794.07,2465.41,17.44,45.16,28.19,1
Mahakali,Sub-Himalayan,21.52,6924.91,2588.0,149.04,77.92,13.04,1
Rapti,Mid-Mountain,6.53,7017.47,4050.93,223.93,61.03,25.21,1
Bagmati,High Himalayan,31.95,5358.48,3213.02,320.56,67.52,27.57,1
Bagmati,High Himalayan,30.01,4561.16,3443.99,230.53,37.56,21.32,1
Koshi,Inner Terai,9.5,605.52,4991.9,175.53,24.75,16.08,1
Karnali,Inner Terai,38.85,2596.58,837.32,200.17,49.27,31.93,1
Mahakali,Sub-Himalayan,18.06,888.74,1503.54,128.72,38.87,28.57,1
Koshi,Lesser Himalayan,13.16,8530.44,2335.53,463.0,32.12,32.5,1
Gandaki,Mid-Mountain,6.85,1255.73,2065.02,265.65,77.16,30.46,1
Gandaki,Sub-Himalayan,11.98,1402.28,597.41,16.57,46.64,34.76,1
Koshi,Inner Terai,0.99,7878.7,913.0,19.53,30.48,14.8,1
Bagmati,Mid-Mountain,26.25,8355.8,3564.29,486.75,31.92,12.17,1
Gandaki,Inner Terai,37.9,6792.45,4456.96,118.51,36.84,18.43,1
Kamala,Mid-Mountain,24.7,117.44,2814.02,404.75,79.96,13.23,1
Rapti,Lesser Himalayan,9.87,81.82,2926.36,38.55,36.08,23.08,1
Rapti,Sub-Himalayan,1.52,3388.97,1647.92,461.37,39.73,25.83,1
Kamala,Mid-Mountain,9.66,1328.72,3955.44,438.46,59.56,24.46,1
Koshi,High Himalayan,18.73,231.39,3883.08,289.84,37.64,16.48,1
Kamala,High Himalayan,34.18,4143.58,3147.65,14.41,32.95,32.72,1
Mahakali,Mid-Mountain,8.45,8348.2,1456.99,136.33,29.52,10.53,1
Mahakali,Mid-Mountain,32.39,2912.49,936.58,209.34,38.76,18.7,1
Koshi,Mid-Mountain,39.01,5873.49,789.07,235.43,26.35,27.97,1
Kamala,High Himalayan,20.43,5795.32,3167.13,155.86,21.12,29.17,1
Mahakali,High Himalayan,36.96,2273.98,4212.66,26.14,68.28,20.4,1
Bagmati,Mid-Mountain,24.96,5779.43,4362.49,299.16,28.27,10.42,1
Kamala,Inner Terai,28.67,1933.87,2586.3,266.84,66.56,25.45,1
Bagmati,Inner Terai,23.68,1140.98,4029.22,148.67,67.85,11.58,1
Mahakali,Lesser Himalayan,20.84,6226.74,4760.96,28.61,52.28,12.7,1
Rapti,Sub-Himalayan,10.56,1065.78,1738.27,497.35,38.58,26.26,1
Mahakali,Inner Terai,13.64,8820.87,2290.82,246.17,28.7,17.81,1
Bagmati,High Himalayan,13.05,1680.35,4691.66,380.44,64.21,18.7,1
Narayani,Inner Terai,25.35,5285.38,2022.04,231.63,56.08,22.17,1
Karnali,Lesser Himalayan,5.4,3681.05,4612.44,31.15,59.33,34.46,1
Gandaki,Lesser Himalayan,41.26,1179.42,4914.7,161.7,20.52,34.14,1
Kamala,Sub-Himalayan,32.43,314.41,3478.15,166.85,75.65,20.41,1
Narayani,Inner Terai,18.07,5536.34,4176.01,420.79,23.98,16.64,1
Mahakali,High Himalayan,7.14,7151.72,3872.96,330.57,42.01,17.56,1
Rapti,High Himalayan,39.69,7461.21,3647.9,144.96,44.16,16.72,1
Koshi,Mid-Mountain,37.07,4307.26,1881.19,484.19,20.08,23.31,1
Mahakali,High Himalayan,32.48,6894.5,756.92,167.56,49.83,25.17,1
Rapti,Sub-Himalayan,12.22,5976.25,2043.73,499.13,65.17,22.22,1
Karnali,Sub-Himalayan,18.11,6427.51,3501.21,498.12,69.4,20.2,1
Mahakali,High Himalayan,4.62,4394.03,961.38,103.69,72.76,15.28,1
Bagmati,High Himalayan,8.51,5630.09,553.63,163.24,49.26,22.06,1
Koshi,Mid-Mountain,35.24,7140.91,1128.62,248.16,57.84,18.53,1
Rapti,High Himalayan,32.18,3562.63,3720.81,335.41,24.77,23.54,1
Rapti,Mid-Mountain,26.71,7144.88,4877.57,268.74,49.28,26.88,1
Rapti,Mid-Mountain,40.31,5266.72,4923.79,485.03,29.29,25.83,1
Karnali,High Himalayan,26.25,1526.28,2722.91,364.75,42.18,21.56,1
Mahakali,Lesser Himalayan,21.01,286.68,4412.09,113.9,39.76,23.9,1
Karnali,Lesser Himalayan,15.32,3254.25,3815.72,61.5,45.41,17.12,1
Kamala,Mid-Mountain,42.32,4868.9,2754.68,347.32,54.3,10.61,1
Gandaki,High Himalayan,3.72,7441.94,3077.42,87.64,74.17,25.63,1
Gandaki,Lesser Himalayan,41.89,1189.07,1117.52,395.96,43.67,16.31,1
Kamala,High Himalayan,37.2,7094.21,4719.48,162.41,78.87,26.72,1
Mahakali,High Himalayan,5.85,7645.49,2083.68,170.18,65.54,28.68,1
Bagmati,High Himalayan,25.42,1392.73,2507.67,15.29,50.69,32.9,1
Karnali,Inner Terai,38.99,7545.29,3522.47,353.5,58.64,33.95,1
Koshi,High Himalayan,25.73,8772.98,2002.56,65.5,26.13,10.26,1
Rapti,Inner Terai,40.82,6450.19,1644.17,388.71,70.67,34.76,1
Rapti,Mid-Mountain,42.43,6958.71,3339.72,251.02,54.94,27.08,1
Mahakali,Lesser Himalayan,19.01,8798.98,612.43,394.3,79.16,26.09,1
Bagmati,Lesser Himalayan,16.98,5384.91,3743.26,296.12,58.19,10.38,1
Gandaki,Lesser Himalayan,42.13,2772.63,2813.11,50.39,70.05,31.53,1
Gandaki,Lesser Himalayan,30.38,7421.85,3225.89,385.17,67.99,13.64,1
Rapti,Lesser Himalayan,5.22,5463.96,3343.46,44.2,40.73,30.93,1
Mahakali,Lesser Himalayan,1.9,5171.73,2871.73,244.56,35.58,10.39,1
Karnali,Lesser Himalayan,25.41,2296.41,3121.4,94.45,45.83,26.15,1
Gandaki,Mid-Mountain,41.86,6709.1,3577.05,378.64,48.03,20.87,1
Karnali,High Himalayan,37.99,786.88,3889.03,456.68,34.41,15.02,1
Bagmati,Sub-Himalayan,30.41,8183.39,3773.54,281.52,73.68,12.69,1
Gandaki,Inner Terai,6.26,2930.08,4413.27,268.3,52.55,21.0,1
Gandaki,Sub-Himalayan,11.44,1191.61,1352.5,384.34,78.71,13.08,1
Narayani,Sub-Himalayan,39.4,3953.09,2305.17,12.49,68.6,22.16,1
Gandaki,High Himalayan,8.23,442.8,4765.08,459.7,53.34,25.63,1
Kamala,High Himalayan,12.53,6079.65,2284.66,106.75,76.82,30.68,1
Koshi,High Himalayan,5.83,7993.95,1061.92,492.22,50.29,26.97,1
Kamala,Lesser Himalayan,30.42,7419.49,2864.5,370.76,73.23,11.63,1
Mahakali,Mid-Mountain,42.48,1188.05,992.71,389.38,41.49,17.69,1
Mahakali,Lesser Himalayan,12.1,1178.41,1412.84,331.54,42.72,17.2,1
Karnali,Mid-Mountain,21.39,7210.33,4992.43,241.11,45.09,32.88,1
Kamala,Mid-Mountain,28.55,8183.1,2936.13,290.1,52.8,31.69,1
Kamala,Sub-Himalayan,44.98,4113.76,1778.26,32.74,53.21,19.25,1
Kamala,Sub-Himalayan,4.72,4449.97,4976.49,315.74,49.78,11.78,1
Bagmati,Mid-Mountain,22.44,2863.7,4849.52,316.79,38.36,32.35,1
Gandaki,Mid-Mountain,17.33,7919.86,2483.33,446.69,75.63,32.2,1
Koshi,Lesser Himalayan,38.96,5730.96,1671.81,257.77,55.32,31.37,1
Karnali,Lesser Himalayan,21.42,2600.27,4272.8,47.8,44.46,31.13,1
Kamala,Sub-Himalayan,4.99,2692.72,3720.29,160.04,59.07,22.01,1
Kamala,High Himalayan,28.55,7892.95,3591.24,331.26,66.08,14.44,1
Narayani,Mid-Mountain,34.69,189.68,4519.01,127.24,77.64,21.94,1
Karnali,Lesser Himalayan,0.13,2902.89,3602.38,147.46,49.97,22.36,1
Kamala,Sub-Himalayan,38.65,4936.14,1777.09,412.03,26.73,22.25,1
Karnali,Lesser Himalayan,8.37,1371.05,3622.38,296.32,46.45,23.47,1
Gandaki,Mid-Mountain,24.84,878.44,1876.16,259.18,48.74,16.44,1
Narayani,Mid-Mountain,18.71,7226.5,3916.58,166.04,73.82,19.16,1
Karnali,Inner Terai,32.38,7921.08,3288.87,368.15,43.69,20.85,1
Koshi,High Himalayan,16.7,7299.62,848.35,150.98,77.2,13.28,1
Koshi,Inner Terai,39.14,7959.56,2807.76,371.16,49.11,21.38,1
Mahakali,Sub-Himalayan,32.87,4925.22,2044.85,44.35,78.43,30.26,1
Narayani,Lesser Himalayan,29.15,7200.0,1978.57,433.63,20.49,30.7,1
Narayani,Sub-Himalayan,35.83,3441.13,3210.15,254.79,73.93,20.29,1
Mahakali,Mid-Mountain,33.93,5918.5,1950.46,224.87,75.87,22.97,1
Karnali,Inner Terai,1.62,8750.0,3996.02,309.4,77.66,10.84,1
Narayani,Inner Terai,17.76,2051.44,818.56,315.85,20.78,26.86,1
Koshi,Inner Terai,41.89,3492.54,3471.75,74.7,30.3,20.12,1
Koshi,Sub-Himalayan,5.66,4283.86,4141.38,380.55,59.23,21.14,1
Kamala,Mid-Mountain,33.17,1281.5,3527.74,145.2,21.53,31.84,1
Gandaki,Lesser Himalayan,43.86,781.36,2737.53,453.43,23.82,21.55,1
Narayani,Lesser Himalayan,2.35,7353.31,4776.38,410.75,33.26,10.53,1
Karnali,Sub-Himalayan,30.7,8644.3,1849.72,179.67,50.75,15.69,1
Mahakali,Inner Terai,21.07,3622.68,586.26,405.79,52.75,21.89,1
Mahakali,High Himalayan,26.06,839.39,2443.95,184.63,22.06,20.61,1
Karnali,Sub-Himalayan,3.84,647.7,648.55,59.46,30.22,31.51,1
Bagmati,Sub-Himalayan,1.94,7893.99,4792.72,481.33,49.98,23.55,1
Rapti,Mid-Mountain,30.01,4141.36,1444.63,329.77,55.64,27.24,1
Gandaki,Lesser Himalayan,37.05,2879.2,4050.17,233.49,28.9,21.73,1
Mahakali,Sub-Himalayan,35.19,4252.38,3985.57,204.91,43.93,20.99,1
Narayani,Sub-Himalayan,24.47,2864.07,1479.78,169.11,74.26,21.16,1
Gandaki,Inner Terai,4.49,4362.76,3295.52,490.91,79.93,20.27,1
Narayani,Inner Terai,30.96,7615.19,716.36,76.03,79.23,23.46,1
Bagmati,High Himalayan,10.88,5269.22,2676.09,164.25,72.9,16.26,1
Koshi,Mid-Mountain,41.0,6167.67,565.91,247.89,43.68,32.28,1
Gandaki,High Himalayan,37.72,3271.08,4645.15,244.22,61.19,18.33,1
Kamala,Inner Terai,31.92,6552.6,4892.39,240.97,45.0,13.69,1
Mahakali,Lesser Himalayan,42.7,5921.56,1500.27,96.13,58.91,12.41,1
Gandaki,Inner Terai,1.41,1119.52,1436.48,81.02,38.57,10.34,1
Gandaki,Mid-Mountain,33.13,5096.66,3891.74,134.84,56.37,20.57,1
Gandaki,Inner Terai,14.86,2323.69,1640.21,458.12,51.43,14.69,1
Rapti,Mid-Mountain,40.77,7128.35,4527.84,65.4,21.47,10.54,1
Gandaki,Mid-Mountain,12.0,3808.88,3082.68,381.14,67.44,23.0,1
Narayani,Mid-Mountain,32.62,8801.34,2078.5,381.2,20.71,27.0,1
Koshi,Mid-Mountain,39.49,881.97,4247.12,406.79,37.59,12.14,1
Bagmati,Mid-Mountain,1.87,6919.89,2720.33,444.44,20.36,21.52,1
Karnali,Lesser Himalayan,17.89,5983.75,4602.35,138.89,42.57,28.59,1
Gandaki,High Himalayan,34.3,6807.1,4676.06,120.03,23.79,34.65,1
Mahakali,Sub-Himalayan,20.47,2769.5,1244.39,238.1,74.81,26.68,1
Gandaki,High Himalayan,12.03,4389.25,510.46,139.89,44.94,16.12,1
Mahakali,Mid-Mountain,9.89,7061.75,4927.69,369.81,47.57,27.91,1
Narayani,Lesser Himalayan,5.92,2111.25,4577.62,321.61,40.99,24.95,1
Mahakali,Inner Terai,38.57,2054.12,749.5,438.74,57.65,15.29,1
Kamala,Lesser Himalayan,25.89,4907.13,4248.65,50.54,67.06,31.28,1
Karnali,Mid-Mountain,3.44,4665.84,2560.12,458.39,58.89,20.69,1
Koshi,Lesser Himalayan,17.22,2547.7,1665.33,153.74,64.89,34.05,1
Mahakali,Lesser Himalayan,16.55,2686.51,4454.36,250.44,74.36,28.07,1
Mahakali,Mid-Mountain,8.18,2508.92,1385.0,224.92,71.81,26.11,1
Koshi,Lesser Himalayan,19.6,6842.33,4762.85,382.55,60.44,28.21,1
Karnali,Sub-Himalayan,14.94,5792.39,1425.3,215.96,32.88,21.95,1
Gandaki,Sub-Himalayan,15.38,7376.96,3261.57,472.34,58.26,22.63,1
Mahakali,Lesser Himalayan,33.26,8632.7,1503.89,452.24,50.36,31.28,1
Koshi,Inner Terai,10.05,4232.21,2955.51,437.36,63.03,27.02,1
Kamala,Mid-Mountain,28.88,655.44,3577.89,44.92,69.98,32.43,1
Kamala,Sub-Himalayan,25.68,492.15,1356.03,428.59,64.56,32.27,1
Narayani,Inner Terai,25.56,2665.35,2843.99,393.0,70.79,34.41,1
Koshi,Lesser Himalayan,29.84,8255.88,2610.77,60.72,23.83,27.51,1
Narayani,Inner Terai,24.68,4662.76,819.67,62.63,21.9,22.56,1
Kamala,High Himalayan,39.57,2455.74,4182.39,59.57,35.51,14.16,1
Karnali,Sub-Himalayan,30.4,3573.89,2010.57,15.55,74.04,27.63,1
Gandaki,Lesser Himalayan,24.61,5324.47,3085.62,278.83,69.42,17.29,1
Koshi,Mid-Mountain,37.34,5801.59,2816.53,486.96,60.96,17.07,1
Bagmati,Lesser Himalayan,27.28,1421.11,2809.67,224.96,62.05,15.96,1
Kamala,Mid-Mountain,13.1,8646.38,982.5,274.97,63.6,31.88,1
Kamala,Lesser Himalayan,9.32,4852.01,2405.67,484.31,76.56,31.7,1
Bagmati,Inner Terai,6.85,1261.07,2535.65,135.04,69.93,25.77,1
Rapti,Inner Terai,40.48,7914.33,3801.39,430.65,57.4,21.82,1
Kamala,Inner Terai,31.96,725.18,4280.08,277.73,59.94,26.8,1
Mahakali,High Himalayan,42.18,8038.1,2952.42,289.04,32.82,25.18,1
Karnali,Mid-Mountain,27.15,8817.85,890.52,178.16,59.44,20.39,1
Koshi,Inner Terai,21.3,6218.39,1565.82,285.18,45.48,19.49,1
Bagmati,High Himalayan,2.69,6832.99,1242.2,45.84,29.18,19.57,1
Mahakali,Mid-Mountain,30.22,3030.84,1060.77,384.68,68.38,24.73,1
Bagmati,Lesser Himalayan,26.2,8335.16,2146.55,149.5,50.61,26.19,1
Koshi,High Himalayan,44.56,4719.83,1532.27,444.93,78.65,21.29,1
Narayani,Sub-Himalayan,10.76,6498.91,1482.36,190.25,36.9,34.22,1
Koshi,High Himalayan,23.88,8181.82,746.12,79.98,48.84,12.1,1
Rapti,High Himalayan,29.29,8630.13,579.52,350.98,46.88,18.68,1
Koshi,Mid-Mountain,29.01,7383.87,962.46,90.64,27.25,20.48,1
Koshi,Lesser Himalayan,25.26,2729.89,1274.89,379.3,45.57,10.42,1
Rapti,Sub-Himalayan,34.96,8554.35,2439.43,484.37,37.25,19.12,1
Karnali,Inner Terai,9.22,5583.63,2797.34,391.98,29.62,16.84,1
Kamala,Inner Terai,32.65,8239.18,1132.66,21.0,36.93,22.65,1
Koshi,High Himalayan,27.89,6004.85,2411.53,303.94,34.0,18.41,1
Rapti,Mid-Mountain,40.32,2766.94,2037.87,350.75,64.04,28.15,1
Mahakali,Mid-Mountain,38.12,3318.08,1325.41,414.47,21.85,22.75,1
Narayani,Inner Terai,14.18,4902.04,530.78,37.44,57.05,13.24,1
Narayani,Sub-Himalayan,12.43,7004.75,2601.58,245.25,65.64,28.75,1
Koshi,Lesser Himalayan,44.17,2861.25,3585.43,272.33,48.84,12.48,1
Karnali,Sub-Himalayan,23.73,5158.88,1518.25,92.87,75.89,30.98,1
Karnali,Lesser Himalayan,40.79,3103.9,1093.13,168.0,62.47,33.29,1
Mahakali,Inner Terai,7.37,7230.82,4491.69,225.71,64.88,18.06,1
Koshi,Lesser Himalayan,28.93,4166.94,1737.61,418.27,31.82,33.15,1
Narayani,Mid-Mountain,36.44,743.47,1506.26,465.41,66.64,29.83,1
Karnali,High Himalayan,42.63,1527.61,4356.94,317.93,69.93,33.06,1
Koshi,High Himalayan,15.18,606.38,4176.98,203.52,41.68,26.66,1
Bagmati,Inner Terai,32.62,4452.88,2517.56,134.48,32.8,15.89,1
Karnali,Mid-Mountain,24.25,1003.43,2701.57,491.25,43.1,32.36,1
Rapti,Sub-Himalayan,2.73,1071.92,1479.87,491.68,64.38,14.61,1
Bagmati,Mid-Mountain,31.05,8330.52,852.36,463.24,45.06,15.33,1
Kamala,High Himalayan,31.05,7730.17,3080.44,394.98,64.2,16.78,1
Karnali,High Himalayan,41.88,4038.42,942.55,169.63,26.81,17.61,1
Narayani,Mid-Mountain,22.38,8723.4,2521.74,410.33,68.36,22.86,1
Gandaki,Mid-Mountain,10.36,71.64,4732.24,210.31,35.19,27.84,1
Bagmati,High Himalayan,2.01,5459.51,4787.75,170.12,34.94,33.16,1
Kamala,Sub-Himalayan,18.7,5481.01,1577.0,374.98,55.42,12.21,1
Mahakali,Inner Terai,13.59,4085.44,3308.51,49.03,24.21,33.86,1
Mahakali,Inner Terai,34.25,3554.41,2633.34,33.8,21.58,33.03,1
Narayani,Mid-Mountain,15.94,4067.35,4440.58,229.5,35.66,11.35,1
Karnali,Inner Terai,42.71,3712.52,1721.44,228.36,52.28,19.01,1
Koshi,High Himalayan,43.3,6482.26,516.66,448.87,74.46,30.33,1
Karnali,High Himalayan,27.94,1258.15,1231.53,71.82,70.79,25.29,1
Narayani,Mid-Mountain,41.79,1804.88,2072.85,70.41,49.43,29.48,1
Mahakali,Mid-Mountain,34.24,1654.59,1920.75,82.25,22.22,27.98,1
Karnali,Mid-Mountain,24.61,2373.97,4061.13,24.57,52.12,22.42,1
Mahakali,Sub-Himalayan,8.11,4680.72,3562.52,45.15,62.29,11.03,1
Bagmati,Inner Terai,20.64,1046.19,1848.0,333.34,40.35,24.61,1
Kamala,Mid-Mountain,25.24,7690.79,2559.85,221.48,26.66,11.21,1
Koshi,Lesser Himalayan,38.88,2680.24,930.02,384.17,36.71,25.09,1
Bagmati,Lesser Himalayan,21.66,1496.76,4541.66,496.37,66.3,30.01,1
Mahakali,High Himalayan,40.4,6000.6,4709.41,332.93,41.07,24.62,1
Mahakali,Inner Terai,30.35,404.32,4909.12,34.72,68.72,34.93,1
Gandaki,Mid-Mountain,6.16,5512.08,4408.49,61.24,39.17,21.4,1
Gandaki,Lesser Himalayan,44.77,6198.79,1282.82,441.69,29.81,28.72,1
Bagmati,Inner Terai,23.73,1956.54,707.88,268.47,46.15,26.68,1
Rapti,High Himalayan,17.63,438.36,3108.19,414.17,47.14,34.79,1
Bagmati,Sub-Himalayan,29.66,3262.08,4606.72,429.74,20.97,27.83,1
Gandaki,Inner Terai,4.9,935.46,1298.08,464.56,27.02,14.1,1
Mahakali,Inner Terai,28.64,1092.44,531.69,475.42,31.1,33.89,1
Narayani,Sub-Himalayan,22.42,2301.91,4124.73,281.86,26.82,26.69,1
Bagmati,Inner Terai,18.3,2663.62,845.58,177.1,40.49,11.48,1
Mahakali,High Himalayan,42.89,4722.08,2361.68,481.31,77.88,26.44,1
Narayani,High Himalayan,23.51,6024.92,3554.99,278.23,50.55,32.08,1
Narayani,Sub-Himalayan,9.86,5273.34,1565.59,41.48,57.65,24.43,1
Gandaki,Mid-Mountain,20.65,1372.31,877.83,324.96,41.38,18.85,1
Bagmati,Lesser Himalayan,41.37,1580.57,3965.1,297.97,39.41,30.52,1
Karnali,Mid-Mountain,7.92,7783.84,3335.79,448.94,21.39,29.56,1
Koshi,Inner Terai,9.63,4971.22,4948.21,330.06,50.02,23.6,1
Gandaki,Lesser Himalayan,0.59,7706.31,2049.39,181.04,49.02,13.86,1
Gandaki,Sub-Himalayan,0.64,3331.44,777.93,483.45,29.47,16.27,1
Karnali,Sub-Himalayan,37.32,5463.2,3804.58,402.79,65.86,28.46,1
Koshi,Lesser Himalayan,32.95,4666.72,2847.8,318.9,49.56,30.15,1
Mahakali,High Himalayan,15.98,2871.27,1459.42,153.53,40.34,16.98,1
Rapti,Lesser Himalayan,31.42,4194.92,4017.78,193.03,28.81,19.2,1
Bagmati,Inner Terai,17.78,4480.86,1416.9,338.29,53.13,11.94,1
Rapti,High Himalayan,42.88,1832.37,1672.98,45.27,65.17,27.84,1
Mahakali,Sub-Himalayan,43.52,2835.16,916.38,135.77,36.92,10.09,1
Kamala,Lesser Himalayan,17.68,7016.99,2297.45,359.81,33.13,11.16,1
Gandaki,Mid-Mountain,38.44,8108.79,2385.18,245.21,51.32,10.11,1
Koshi,Mid-Mountain,34.79,3228.27,2815.53,207.17,29.32,26.13,1
Gandaki,Inner Terai,13.95,2764.6,3690.34,84.21,60.0,20.43,1
Narayani,Mid-Mountain,10.44,1783.44,4577.45,226.51,56.32,17.44,1
Gandaki,Lesser Himalayan,20.62,6025.8,1119.8,387.64,25.22,32.82,1
Gandaki,Lesser Himalayan,35.16,2906.17,744.57,139.37,22.19,14.82,1
Mahakali,Mid-Mountain,43.21,8740.47,583.39,12.65,57.22,19.73,1
Mahakali,Lesser Himalayan,34.36,2928.86,1146.3,337.57,37.66,33.51,1
Mahakali,Inner Terai,38.48,3529.73,3460.77,486.59,25.19,20.68,1
Rapti,High Himalayan,27.14,5366.07,3773.65,307.35,65.57,23.87,1
Narayani,Inner Terai,37.59,7107.18,4039.28,68.76,38.84,12.01,1
Kamala,Inner Terai,35.3,4191.43,1596.69,167.16,47.58,29.75,1
Kamala,Lesser Himalayan,16.96,3780.07,1876.53,435.14,34.21,20.57,1
Mahakali,High Himalayan,24.84,8809.71,2674.11,123.96,57.64,30.01,1
Koshi,Lesser Himalayan,36.21,162.11,784.32,307.77,38.09,16.34,1
Rapti,Sub-Himalayan,2.07,7926.88,3250.14,207.31,78.08,20.56,1
Karnali,Lesser Himalayan,36.36,1379.16,4926.81,111.84,62.18,29.66,1
Koshi,Lesser Himalayan,8.0,6968.85,2123.63,408.57,28.2,34.35,1
Bagmati,Lesser Himalayan,23.16,5494.2,3887.81,373.99,45.0,11.49,1
Bagmati,High Himalayan,36.37,3070.74,2750.15,334.18,43.13,30.31,1
Koshi,Lesser Himalayan,11.42,7740.87,1075.15,125.8,52.05,17.52,1
Mahakali,High Himalayan,11.06,183.3,3120.07,57.95,70.52,23.77,1
Karnali,Mid-Mountain,18.12,2059.89,1849.43,292.32,55.01,17.25,1
Karnali,Sub-Himalayan,40.26,5046.18,654.81,281.3,23.69,25.34,1
Rapti,High Himalayan,0.02,3155.84,3357.18,102.31,59.32,18.85,1
Karnali,Mid-Mountain,40.56,5427.89,4365.2,37.56,20.5,18.34,1
Bagmati,High Himalayan,6.92,281.64,2051.46,49.55,66.8,10.95,1
Narayani,High Himalayan,44.55,1092.28,2256.33,496.46,60.0,13.67,1
Mahakali,Sub-Himalayan,42.97,1185.65,4509.6,393.96,38.53,32.93,1
Karnali,Inner Terai,22.26,1731.53,4161.24,461.77,37.55,34.96,1
Rapti,Inner Terai,23.07,4102.01,3717.29,105.58,67.9,29.51,1
Bagmati,High Himalayan,21.67,6672.19,1619.59,480.68,67.0,17.17,1
Narayani,Lesser Himalayan,28.59,8018.82,4595.97,79.9,41.14,20.06,1
Gandaki,Mid-Mountain,4.08,7402.9,1194.87,259.45,37.94,28.49,1
Gandaki,Lesser Himalayan,1.47,1798.28,3320.47,416.55,53.59,34.21,1
Narayani,Lesser Himalayan,2.6,3942.42,629.61,181.4,20.5,21.39,1
Bagmati,High Himalayan,20.0,1820.44,3396.74,218.17,24.96,30.74,1
Rapti,High Himalayan,12.4,2391.53,1747.15,72.81,27.57,34.38,1
Narayani,High Himalayan,27.99,4490.14,2523.55,70.23,31.12,31.84,1
Mahakali,High Himalayan,44.66,667.86,2053.69,313.59,50.72,15.68,1
Mahakali,Inner Terai,17.38,1985.13,1277.41,341.01,79.53,10.2,1
Gandaki,High Himalayan,25.82,8280.75,3298.91,390.89,59.16,22.3,1
Karnali,Inner Terai,18.7,4161.57,4468.89,282.77,23.68,23.28,1
Rapti,Inner Terai,38.13,3979.6,4815.88,326.42,51.53,15.03,1
Gandaki,High Himalayan,40.6,197.87,1365.56,16.62,49.8,17.12,1
Karnali,Sub-Himalayan,39.48,2241.67,3728.18,89.46,28.65,29.13,1
Karnali,Mid-Mountain,43.85,7674.32,3489.53,492.61,75.22,21.76,1
Kamala,Lesser Himalayan,1.24,1515.11,2045.2,47.24,46.45,17.93,1
Mahakali,Inner Terai,37.79,3713.97,585.95,342.61,79.67,25.57,1
Bagmati,Mid-Mountain,33.83,195.8,3604.06,96.28,45.2,26.32,1
Koshi,Sub-Himalayan,10.29,4268.83,4754.73,361.19,56.48,29.23,1
Bagmati,Lesser Himalayan,43.03,254.52,3344.54,355.94,26.29,13.92,1
Koshi,Lesser Himalayan,6.67,7264.53,2458.82,124.76,47.25,28.54,1
Narayani,Inner Terai,30.58,7310.57,2863.19,142.12,34.33,24.99,1
Mahakali,High Himalayan,10.12,6984.8,1398.33,330.84,70.13,11.44,1
Karnali,Sub-Himalayan,19.41,2557.37,3877.45,201.14,67.04,29.44,1
Rapti,Inner Terai,32.36,7419.27,3858.89,105.33,69.45,19.58,1
Koshi,Sub-Himalayan,25.35,4836.44,1154.83,368.52,63.42,18.26,1
Bagmati,High Himalayan,19.24,3351.29,4450.9,85.53,69.96,21.2,1
Karnali,High Himalayan,14.69,5559.15,1711.35,429.27,32.05,18.65,1
Koshi,Inner Terai,37.78,178.33,4920.15,262.19,47.12,18.46,1
Koshi,High Himalayan,6.47,1324.91,2223.06,61.79,61.51,30.2,1
Kamala,Mid-Mountain,19.35,6585.85,1300.48,350.1,58.24,13.11,1
Koshi,Lesser Himalayan,40.67,2213.25,2082.74,264.39,62.98,34.27,1
Rapti,Inner Terai,38.06,5319.32,2480.81,156.05,33.46,23.87,1
Mahakali,Sub-Himalayan,18.04,3450.43,811.88,217.04,25.91,14.57,1
Rapti,Mid-Mountain,34.34,7573.49,3101.98,156.19,75.01,13.28,1
Gandaki,Inner Terai,37.04,8430.3,3189.35,138.88,53.61,24.79,1
Karnali,High Himalayan,40.0,7825.93,3825.19,90.17,29.23,25.82,1
Mahakali,High Himalayan,24.5,2445.5,631.26,187.76,67.61,11.33,1
Kamala,High Himalayan,9.2,1774.36,2935.57,132.98,74.9,16.08,1
Mahakali,High Himalayan,11.49,4234.59,738.08,344.88,30.17,29.89,1
Mahakali,Sub-Himalayan,13.31,134.38,3655.15,345.1,69.04,11.24,1
Bagmati,Mid-Mountain,26.72,296.55,750.78,255.9,75.99,31.38,1
Mahakali,Lesser Himalayan,1.48,4926.79,4602.78,391.19,76.3,26.45,1
Kamala,Sub-Himalayan,28.62,4638.5,3659.37,422.26,74.85,20.86,1
Rapti,Sub-Himalayan,16.4,8800.44,2783.25,294.09,52.79,18.66,1
Mahakali,Lesser Himalayan,13.29,1841.77,2486.77,313.28,41.37,10.48,1
Narayani,Lesser Himalayan,39.58,2335.64,1088.03,148.61,20.44,30.63,1
Karnali,High Himalayan,20.7,1066.66,1809.5,448.49,23.65,13.57,1
Mahakali,Sub-Himalayan,4.28,8124.19,4410.32,21.86,45.73,17.74,1
Karnali,Inner Terai,37.2,6897.63,4570.04,180.82,43.96,24.23,1
Narayani,Lesser Himalayan,2.14,7288.49,503.36,363.68,31.08,16.15,1
Narayani,Lesser Himalayan,32.7,7994.46,3173.61,49.24,43.73,22.43,1
Karnali,Mid-Mountain,34.83,4677.57,3736.85,99.75,30.48,30.23,1
Koshi,Inner Terai,15.87,4030.57,3284.36,298.75,70.93,21.76,1
Gandaki,Inner Terai,37.12,2970.18,867.56,284.4,37.89,33.72,1
Bagmati,Lesser Himalayan,23.2,5242.13,1479.76,372.07,55.91,31.19,1
Koshi,High Himalayan,20.85,4057.66,1626.53,408.18,50.17,18.33,1
Koshi,Mid-Mountain,2.04,4033.84,4242.76,73.0,23.11,20.0,1
Rapti,Inner Terai,13.05,8294.35,2584.4,19.01,76.53,20.58,1
Bagmati,Lesser Himalayan,41.9,8707.83,2690.73,347.92,51.63,25.65,1
Bagmati,Inner Terai,17.63,7061.54,4707.02,157.68,39.5,17.17,1
Koshi,Mid-Mountain,24.6,6712.82,3366.89,316.73,29.49,34.23,1
Mahakali,Mid-Mountain,23.94,6043.94,4544.0,83.77,40.31,25.22,1
Rapti,Sub-Himalayan,26.57,1527.81,2554.29,239.83,21.23,19.99,1
Rapti,Lesser Himalayan,2.76,588.83,1172.46,257.17,41.81,26.13,1
Narayani,Mid-Mountain,16.3,6133.2,4684.71,296.69,51.89,19.89,1
Kamala,Sub-Himalayan,32.54,6467.29,2564.17,261.45,72.31,30.44,1
Bagmati,Sub-Himalayan,9.03,482.33,1317.34,252.89,61.24,24.2,1
Koshi,Inner Terai,9.16,8216.44,1860.78,173.04,26.69,11.05,1
Narayani,Inner Terai,0.45,870.03,728.61,44.88,28.86,14.42,1
Karnali,Sub-Himalayan,19.69,2579.63,2607.35,53.86,45.69,31.62,1
Gandaki,Inner Terai,39.72,5972.24,4339.08,222.55,31.74,24.07,1
Kamala,Mid-Mountain,2.34,1561.14,4701.11,184.34,21.67,33.76,1
Kamala,High Himalayan,8.6,556.44,4696.71,262.91,68.3,11.81,1
Kamala,Mid-Mountain,13.95,2976.8,1063.54,159.37,21.17,17.38,1
Rapti,Sub-Himalayan,32.93,6793.7,2219.24,347.08,69.84,14.84,1
Karnali,Sub-Himalayan,28.83,3701.27,627.03,433.34,28.65,23.85,1
Kamala,Mid-Mountain,18.72,5801.8,4348.24,156.44,78.48,19.57,1
Karnali,Inner Terai,34.16,5157.9,2114.4,104.56,56.23,13.93,1
Mahakali,Inner Terai,27.43,265.03,3340.03,66.93,64.1,26.07,1
Kamala,Sub-Himalayan,40.32,8747.4,3717.04,311.96,26.63,23.41,1
Gandaki,Lesser Himalayan,36.81,433.66,2434.3,227.49,71.73,16.87,1
Karnali,Inner Terai,11.38,8565.37,1878.99,102.13,70.35,21.99,1
Karnali,Mid-Mountain,12.21,4896.71,4829.96,330.04,59.18,28.64,1
Gandaki,Inner Terai,5.64,8524.61,4840.2,82.76,50.14,15.13,1
Kamala,Mid-Mountain,15.16,1077.31,1802.46,281.61,63.29,17.32,1
Gandaki,Sub-Himalayan,44.98,4374.81,2658.31,268.3,20.36,18.65,1
Karnali,Inner Terai,18.26,1557.91,4877.8,369.77,55.55,28.67,1
Gandaki,Mid-Mountain,9.92,517.46,521.91,37.0,70.84,31.17,1
Karnali,Sub-Himalayan,34.31,5490.67,2357.05,445.06,41.41,19.41,1
Karnali,Lesser Himalayan,24.41,1893.92,952.06,354.47,26.5,17.42,1
Mahakali,Mid-Mountain,6.73,5228.8,2791.21,115.9,45.25,32.24,1
Koshi,Lesser Himalayan,17.13,1056.34,611.01,99.87,63.63,34.98,1
Karnali,Lesser Himalayan,18.65,2984.18,2331.04,221.51,26.44,26.76,1
Kamala,High Himalayan,33.92,6931.17,1493.15,410.61,32.36,34.75,1
Narayani,Inner Terai,0.93,3906.44,2899.89,423.05,28.85,26.5,1
Rapti,Mid-Mountain,12.11,5580.35,4981.97,265.02,67.82,28.34,1
Bagmati,Lesser Himalayan,23.29,5753.39,4102.41,431.8,23.77,19.72,1
Koshi,High Himalayan,12.1,7476.48,4305.39,12.67,61.2,20.82,1
Koshi,Sub-Himalayan,28.28,2922.17,3358.69,27.24,41.99,13.6,1
Koshi,Mid-Mountain,21.68,6103.08,687.02,456.79,65.35,30.57,1
Mahakali,Lesser Himalayan,16.28,8511.06,1430.59,389.91,77.86,33.28,1
Karnali,Inner Terai,42.71,6480.08,4662.79,230.85,26.87,25.59,1
Mahakali,High Himalayan,28.45,4370.08,2147.51,379.27,38.86,18.59,1
Karnali,Lesser Himalayan,5.85,5606.44,966.37,478.26,68.61,13.85,1
Kamala,Inner Terai,25.2,6562.94,3660.82,388.32,35.97,16.63,1
Mahakali,Lesser Himalayan,35.13,5444.56,1847.56,422.76,32.91,16.39,1
Mahakali,Mid-Mountain,31.88,216.38,1709.86,382.7,69.52,25.34,1
Rapti,Mid-Mountain,7.74,1779.72,4990.9,92.42,79.22,33.63,1
Narayani,Mid-Mountain,43.76,7184.29,4361.63,418.45,53.41,11.21,1
Mahakali,High Himalayan,20.2,2463.33,2335.72,105.6,36.68,10.03,1
Rapti,Mid-Mountain,7.16,6491.65,4911.18,447.38,43.91,25.0,1
Gandaki,Inner Terai,8.11,3336.47,3425.51,234.74,30.21,17.1,1
Narayani,Lesser Himalayan,4.42,4651.1,3839.1,341.72,65.71,32.01,1
Kamala,Sub-Himalayan,36.16,666.67,641.81,253.65,66.41,18.18,1
Mahakali,Inner Terai,5.49,1660.8,1047.22,56.06,72.51,17.24,1
Bagmati,Inner Terai,5.63,8472.27,3348.88,152.45,21.6,16.74,1
Koshi,Mid-Mountain,38.27,7883.63,4545.61,492.03,53.72,13.62,1
Gandaki,High Himalayan,15.51,5795.67,3306.85,480.75,32.86,24.54,1
Gandaki,Lesser Himalayan,1.39,4104.76,1103.11,167.04,40.45,14.21,1
Kamala,High Himalayan,2.34,6001.83,1020.92,498.19,67.1,20.62,1
Rapti,Lesser Himalayan,6.4,5500.16,4298.84,424.32,31.52,21.52,1
Gandaki,Lesser Himalayan,9.6,5060.75,1126.86,309.37,58.3,10.51,1
Narayani,High Himalayan,29.93,589.46,2841.04,29.66,59.27,10.42,1
Mahakali,Inner Terai,7.08,5624.74,667.01,451.71,77.25,23.01,1
Mahakali,Lesser Himalayan,5.35,6819.58,863.01,283.14,66.51,27.4,1
Bagmati,High Himalayan,34.41,8796.05,3525.57,435.55,68.22,33.55,1
Kamala,Lesser Himalayan,30.2,167.25,3601.32,418.87,51.9,14.48,1
Koshi,Sub-Himalayan,19.59,6479.46,2036.61,418.17,31.21,12.58,1
Rapti,Inner Terai,24.72,5089.17,1470.24,352.11,45.53,11.3,1
Koshi,Mid-Mountain,14.04,3880.11,4161.7,152.79,52.97,20.9,1
Gandaki,Lesser Himalayan,21.71,1189.81,1476.96,174.72,60.71,25.58,1
Kamala,Sub-Himalayan,22.8,3660.95,2939.12,161.15,56.46,31.01,1
Bagmati,Mid-Mountain,17.43,3180.72,4856.94,19.82,43.64,27.07,1
Koshi,Mid-Mountain,40.8,2728.24,1165.34,295.46,35.92,15.21,1
Narayani,Lesser Himalayan,0.72,6485.66,4733.94,352.43,30.09,21.54,1
Mahakali,High Himalayan,35.2,6220.97,1323.02,428.39,61.63,32.76,1
Gandaki,Lesser Himalayan,5.6,5240.42,3053.49,78.68,58.72,18.17,1
Bagmati,Sub-Himalayan,35.89,8309.6,2196.53,276.65,61.24,22.47,1
Koshi,Mid-Mountain,27.72,3141.02,4842.18,13.92,42.35,33.96,1
Rapti,Lesser Himalayan,37.95,2210.09,1730.94,56.6,35.74,28.37,1
Narayani,High Himalayan,4.39,5827.52,2298.46,36.56,65.58,28.69,1
Narayani,Lesser Himalayan,25.15,1815.19,4922.87,365.48,66.42,16.31,1
Koshi,Inner Terai,22.55,2835.16,2914.12,49.72,47.34,20.37,1
Mahakali,High Himalayan,31.78,2041.56,2761.84,361.06,56.71,12.06,1
Koshi,Sub-Himalayan,24.04,677.03,1660.0,132.32,42.41,25.16,1
Gandaki,Mid-Mountain,24.33,7333.78,3656.14,440.08,62.12,12.59,1
Koshi,Lesser Himalayan,19.33,2304.36,564.68,408.44,70.14,30.9,1
Narayani,High Himalayan,13.9,4222.24,722.81,479.34,61.29,30.36,1
Bagmati,Inner Terai,21.7,450.22,3197.11,443.04,50.75,23.34,1
Koshi,High Himalayan,5.33,6208.8,2037.54,467.33,47.52,13.53,1
Mahakali,Inner Terai,43.27,2971.66,4789.92,430.78,58.54,10.64,1
Kamala,Sub-Himalayan,32.15,6607.3,4564.36,349.76,60.79,29.92,1
Bagmati,Mid-Mountain,42.86,3690.07,3711.68,93.43,53.52,25.0,1
Rapti,Sub-Himalayan,10.2,1788.34,4181.66,143.14,57.5,27.77,1
Karnali,Lesser Himalayan,39.57,4574.65,3502.99,114.24,25.8,17.6,1
Koshi,High Himalayan,36.4,1215.57,1065.12,305.76,77.11,22.74,1
Mahakali,Inner Terai,30.47,3937.05,3944.95,256.77,67.45,28.68,1
Bagmati,Inner Terai,28.13,2855.31,1445.86,434.87,42.44,21.56,1
Mahakali,High Himalayan,14.24,8075.18,1955.49,476.81,53.77,25.03,1
Rapti,High Himalayan,36.74,604.83,4186.55,208.38,22.84,29.74,1
Narayani,Lesser Himalayan,22.57,6162.08,2914.37,258.11,22.47,15.38,1
Mahakali,Sub-Himalayan,3.19,1674.19,4369.73,486.04,35.05,11.65,1
Bagmati,Inner Terai,14.08,2870.58,1458.66,145.36,61.38,23.3,1
Mahakali,Lesser Himalayan,42.09,3717.38,3235.0,398.27,71.13,11.55,1
Mahakali,Sub-Himalayan,38.28,8040.56,877.06,120.37,53.55,29.16,1
Mahakali,Lesser Himalayan,44.19,2199.35,3393.77,343.92,51.93,27.98,1
Gandaki,Inner Terai,28.26,871.51,3931.4,134.27,44.14,32.04,1
Gandaki,High Himalayan,11.14,2867.46,3132.19,443.03,29.7,25.99,1
Narayani,High Himalayan,7.33,988.85,1698.04,285.12,27.1,11.68,1
Koshi,Sub-Himalayan,8.41,1198.82,641.04,101.11,65.64,16.33,1
Mahakali,Mid-Mountain,0.89,5107.26,1037.52,119.94,75.65,30.2,1
Rapti,Sub-Himalayan,17.58,604.6,3300.36,251.99,47.5,14.18,1
Koshi,Mid-Mountain,8.61,341.51,4704.89,481.18,59.57,27.46,1
Rapti,Lesser Himalayan,18.52,6341.13,1429.4,387.12,74.87,29.51,1
Koshi,Lesser Himalayan,42.07,3244.54,3807.62,249.27,25.41,18.25,1
Narayani,Inner Terai,19.37,1170.54,4399.03,175.48,66.23,18.06,1
Mahakali,Mid-Mountain,39.51,2296.21,2843.97,279.14,57.01,23.95,1
Mahakali,Inner Terai,27.25,5706.24,3511.7,376.7,55.92,31.53,1
Karnali,High Himalayan,11.12,2488.66,4167.57,394.13,37.55,15.6,1
Rapti,Mid-Mountain,16.01,4410.91,1673.04,169.06,61.03,33.53,1
Koshi,Sub-Himalayan,3.78,1138.24,1836.03,363.37,67.69,24.98,1
Koshi,High Himalayan,15.01,5232.29,502.82,332.32,26.77,34.8,1
Kamala,High Himalayan,30.49,2844.53,4833.92,479.97,52.01,12.24,1
Kamala,Sub-Himalayan,3.24,5573.53,4628.95,466.23,26.08,13.16,1
Gandaki,High Himalayan,9.24,7166.09,3940.56,396.8,72.35,30.67,1
Karnali,Mid-Mountain,17.16,5439.03,855.84,364.46,50.46,31.62,1
Bagmati,Inner Terai,44.19,2666.07,2513.76,144.28,68.48,21.14,1
Kamala,High Himalayan,35.32,2314.92,958.51,424.52,42.09,27.85,1
Bagmati,Mid-Mountain,33.01,2944.1,571.64,219.48,27.5,31.69,1
Gandaki,Lesser Himalayan,5.23,1515.04,3272.82,143.4,22.49,11.08,1
Gandaki,Mid-Mountain,35.14,1660.33,4823.73,198.24,36.89,24.35,1
Gandaki,Inner Terai,35.34,7010.69,4562.91,419.61,34.65,31.34,1
Rapti,Mid-Mountain,27.05,3447.18,3635.4,82.83,53.62,19.95,1
Rapti,Sub-Himalayan,44.57,3897.17,934.88,233.52,21.3,17.56,1
Narayani,Inner Terai,14.64,5284.57,1733.74,251.26,51.23,29.89,1
Narayani,Lesser Himalayan,42.36,5245.98,1940.26,27.95,43.51,18.39,1
Gandaki,Sub-Himalayan,41.16,661.43,3934.18,105.92,54.63,10.08,1
Karnali,Mid-Mountain,0.52,7369.27,4110.12,415.1,62.15,33.99,1
Koshi,Inner Terai,20.26,1626.57,2232.98,417.08,58.05,24.8,1
Rapti,Lesser Himalayan,43.97,6417.12,2380.48,153.28,79.08,30.49,1
Karnali,Sub-Himalayan,4.64,6852.51,700.29,438.7,28.3,30.63,1
Mahakali,Lesser Himalayan,24.65,6345.39,1801.12,388.17,45.78,11.66,1
Rapti,Mid-Mountain,44.05,5152.27,2530.78,214.77,45.49,14.27,1
Rapti,Lesser Himalayan,25.0,198.24,1026.42,376.72,45.02,17.78,1
Narayani,High Himalayan,8.54,3233.38,2539.7,481.05,59.83,18.02,1
Koshi,Sub-Himalayan,26.2,5379.28,4339.29,234.9,49.39,26.47,1
Koshi,Lesser Himalayan,9.2,3471.05,3115.94,126.83,51.05,25.58,1
Kamala,Mid-Mountain,23.39,7649.63,855.18,471.49,45.94,22.36,1
Bagmati,Mid-Mountain,3.33,2780.67,1362.52,305.83,79.5,15.28,1
Bagmati,Lesser Himalayan,27.25,2646.65,2635.45,61.58,75.65,19.55,1
Bagmati,Mid-Mountain,23.26,2404.93,2126.69,290.61,38.46,23.59,1
Bagmati,Inner Terai,33.31,2991.15,2114.27,255.28,26.7,21.7,1
Mahakali,Inner Terai,28.38,4962.9,2881.7,429.24,70.39,13.18,1
Mahakali,Inner Terai,24.73,6276.18,3129.78,270.04,79.83,26.24,1
Rapti,High Himalayan,31.04,5886.02,4085.88,135.06,37.56,11.83,1
Gandaki,Lesser Himalayan,6.48,7160.15,2034.35,341.07,41.47,19.45,1
Narayani,High Himalayan,26.79,7846.55,4124.6,275.86,76.5,27.75,1
Narayani,Mid-Mountain,7.74,7233.54,2023.75,124.19,62.67,10.5,1
Bagmati,High Himalayan,41.65,236.3,749.45,291.08,37.74,24.25,1
Rapti,Mid-Mountain,3.08,6529.89,2993.84,412.55,54.86,18.36,1
Kamala,Mid-Mountain,19.37,1899.33,3145.56,24.0,76.65,10.22,1
Karnali,Sub-Himalayan,31.31,1236.84,4705.43,319.12,68.71,14.76,1
Gandaki,Inner Terai,20.61,5674.65,3767.28,181.3,64.51,33.52,1
Rapti,Mid-Mountain,4.14,2876.71,4629.98,153.41,64.22,23.03,1
Gandaki,Sub-Himalayan,24.9,571.37,4587.56,202.37,30.68,34.93,1
Gandaki,Inner Terai,28.87,1278.11,3220.58,177.59,69.48,23.12,1
Gandaki,Mid-Mountain,31.67,78.16,2874.93,417.8,36.57,23.6,1
Rapti,Mid-Mountain,16.8,7998.5,3008.48,144.65,75.82,19.8,1
Bagmati,High Himalayan,25.36,286.1,4902.49,369.24,41.88,17.75,1
Narayani,High Himalayan,20.28,1908.6,3979.25,56.09,71.46,16.29,1
Narayani,Inner Terai,30.24,3723.95,978.2,476.18,35.97,18.59,1
Bagmati,Mid-Mountain,26.26,3199.98,4002.93,314.94,50.87,21.5,1
Gandaki,Lesser Himalayan,23.66,8073.13,1267.42,356.29,26.41,14.8,1
Karnali,High Himalayan,11.23,423.66,2513.08,156.04,59.61,15.62,1
Koshi,Inner Terai,0.09,4566.22,1447.07,211.93,70.16,16.79,1
Rapti,Mid-Mountain,7.83,6043.25,3603.12,119.65,63.11,21.23,1
Koshi,Mid-Mountain,5.27,8248.44,4447.89,466.94,51.4,26.32,1
Kamala,Lesser Himalayan,20.21,5515.62,1806.63,249.17,22.71,31.4,1
Bagmati,Inner Terai,27.55,7125.36,869.05,318.92,76.01,17.18,1
Karnali,Mid-Mountain,9.59,804.94,1843.22,369.79,62.33,14.59,1
Rapti,High Himalayan,42.26,3457.78,3525.63,191.84,64.75,19.47,1
Bagmati,Lesser Himalayan,0.3,3352.51,1979.42,362.85,67.68,32.36,1
Gandaki,Inner Terai,34.75,7849.84,1751.5,341.24,64.86,10.25,1
Narayani,Lesser Himalayan,28.13,1398.74,1329.96,355.77,46.47,26.95,1
Koshi,High Himalayan,16.81,1403.26,2738.82,249.72,64.02,21.93,1
Mahakali,Inner Terai,2.27,2954.08,1741.77,197.64,57.5,14.03,1
Mahakali,Lesser Himalayan,28.24,548.1,3789.55,118.82,71.24,18.03,1
Karnali,Sub-Himalayan,17.35,1671.62,844.8,414.07,68.15,15.62,1
Gandaki,High Himalayan,42.13,8542.61,3488.15,308.09,22.48,31.95,1
Kamala,High Himalayan,24.39,3828.6,1569.02,227.73,42.73,22.05,1
Koshi,High Himalayan,42.28,5617.86,2701.76,472.56,22.08,24.08,1
Gandaki,Sub-Himalayan,9.92,6443.8,1787.4,33.44,26.12,24.84,1
Koshi,Sub-Himalayan,32.66,3291.19,3752.46,426.58,56.08,25.99,1
Karnali,Mid-Mountain,27.78,1362.36,4753.88,498.82,72.43,22.39,1
Karnali,Lesser Himalayan,33.27,1883.37,4626.85,444.6,27.19,10.45,1
Kamala,Mid-Mountain,9.66,2819.85,3125.42,407.11,47.07,18.37,1
Mahakali,Lesser Himalayan,29.92,5653.41,2581.75,193.41,74.65,14.6,1
Gandaki,Sub-Himalayan,22.41,3566.11,4182.35,123.34,68.86,27.0,1
Rapti,Sub-Himalayan,33.43,129.82,3574.97,370.08,51.18,11.42,1
Mahakali,Mid-Mountain,14.72,4664.47,1326.04,159.24,66.29,24.1,1
Gandaki,Inner Terai,40.05,8159.04,4194.14,96.26,51.36,15.27,1
Mahakali,Mid-Mountain,3.79,7198.42,2429.98,395.4,29.49,33.72,1
Rapti,Lesser Himalayan,36.32,7313.71,1350.44,163.15,27.48,18.39,1
Narayani,Mid-Mountain,38.76,7049.02,1768.09,458.08,31.3,18.13,1
Narayani,High Himalayan,36.78,2911.71,1703.87,421.91,41.06,33.08,1
Kamala,Lesser Himalayan,23.07,6786.87,2836.43,425.34,75.83,20.43,1
Narayani,Lesser Himalayan,19.73,1326.67,1554.67,388.07,67.98,34.07,1
Narayani,Inner Terai,44.83,5843.43,1056.05,441.63,45.97,10.6,1
Bagmati,Sub-Himalayan,10.31,5701.69,1056.61,404.82,49.58,17.66,1
Koshi,Lesser Himalayan,24.61,294.45,3124.74,305.23,35.94,26.65,1
Bagmati,Sub-Himalayan,30.18,6986.8,3806.42,154.95,62.26,32.27,1
Bagmati,Mid-Mountain,31.54,7998.71,1946.9,445.22,68.17,16.41,1
Kamala,High Himalayan,9.18,2417.37,655.93,421.9,34.33,33.26,1
Bagmati,Inner Terai,29.43,7201.17,1072.51,241.71,22.51,24.85,1
Narayani,Sub-Himalayan,36.83,793.36,4616.13,29.15,57.43,30.03,1
Rapti,Lesser Himalayan,2.25,5336.52,2720.95,322.89,53.75,19.93,1
Kamala,Sub-Himalayan,41.02,4333.01,2541.08,34.79,44.13,15.3,1
Kamala,Lesser Himalayan,1.33,4862.12,671.22,463.88,58.63,32.78,1
Karnali,Sub-Himalayan,16.02,8200.23,3778.87,481.2,53.04,33.33,1
Kamala,Lesser Himalayan,0.71,7718.41,2876.31,102.85,35.03,22.44,1
Karnali,Mid-Mountain,3.47,6961.46,1409.36,341.43,43.86,10.16,1
Kamala,Lesser Himalayan,41.0,2472.53,995.33,55.21,45.69,12.74,1
Koshi,Lesser Himalayan,15.97,8073.94,2225.25,367.46,72.81,24.33,1
Narayani,High Himalayan,19.11,925.92,4267.23,180.17,77.65,10.59,1
Kamala,Lesser Himalayan,9.69,7560.52,4393.83,343.71,73.58,19.92,1
Narayani,High Himalayan,26.87,2950.59,3212.81,192.71,63.15,17.58,1
Narayani,Inner Terai,26.77,542.01,3773.91,81.33,55.1,27.86,1
Mahakali,High Himalayan,16.75,5945.62,1018.2,208.99,61.36,11.39,1
Kamala,Mid-Mountain,14.99,2100.18,3146.57,65.21,76.35,22.22,1
Gandaki,High Himalayan,39.82,2208.07,3501.35,292.67,35.0,24.48,1
Mahakali,Inner Terai,17.25,2756.48,1403.21,30.07,52.11,25.43,1
Gandaki,Mid-Mountain,22.21,629.02,4460.7,268.39,61.38,20.13,1
Narayani,Sub-Himalayan,12.75,1624.82,1377.49,444.32,60.75,17.61,1
Narayani,Sub-Himalayan,35.4,115.12,1910.65,420.56,35.14,27.06,1
Mahakali,High Himalayan,17.89,3979.8,3292.51,442.56,55.2,31.19,1
Mahakali,High Himalayan,23.11,809.59,3372.58,461.8,67.75,27.34,1
Gandaki,Inner Terai,11.4,6062.32,3647.23,61.22,48.5,33.3,1
Karnali,Inner Terai,44.44,2138.3,1004.05,73.09,67.6,27.93,1
Gandaki,Lesser Himalayan,13.12,8352.69,4322.59,282.93,41.59,29.12,1
Mahakali,Inner Terai,34.68,7717.85,2897.81,448.05,76.33,14.2,1
Rapti,Lesser Himalayan,19.24,2610.71,2620.95,487.43,52.04,20.49,1
Mahakali,Mid-Mountain,9.28,6945.07,4914.94,32.67,55.76,22.13,1
Rapti,High Himalayan,35.99,7120.88,3831.7,184.33,21.88,16.41,1
Koshi,Mid-Mountain,15.01,8730.05,1031.03,114.32,30.22,23.21,1
Mahakali,Inner Terai,38.93,5317.84,3904.43,380.42,57.98,17.27,1
Koshi,Mid-Mountain,41.19,789.5,928.62,323.69,45.19,27.19,1
Karnali,Mid-Mountain,38.69,5747.94,623.62,68.75,50.49,21.76,1
Gandaki,Mid-Mountain,1.58,5556.07,2316.32,246.93,23.78,21.47,1
Rapti,Inner Terai,35.43,5673.44,4971.1,345.87,70.05,34.59,1
Gandaki,Mid-Mountain,18.51,2766.12,1286.98,391.71,67.07,19.81,1
Koshi,Lesser Himalayan,39.32,7616.27,3526.9,19.83,31.12,19.06,1
Rapti,Inner Terai,28.71,8492.25,1280.28,446.33,58.06,17.97,1
Gandaki,Mid-Mountain,37.51,1981.08,3761.54,288.95,69.1,32.37,1
Mahakali,Inner Terai,22.47,843.8,2774.09,407.84,58.45,22.42,1
Narayani,Sub-Himalayan,24.08,1777.63,3559.87,405.89,38.62,25.0,1
Koshi,Lesser Himalayan,6.5,7272.81,1412.93,103.03,59.37,14.52,1
Gandaki,Mid-Mountain,35.28,6009.59,3855.33,63.98,32.63,23.52,1
Koshi,Sub-Himalayan,18.87,5653.22,4980.29,363.43,39.1,16.87,1
Bagmati,Sub-Himalayan,22.5,3596.94,3495.43,86.65,34.4,28.27,1
Koshi,Inner Terai,35.33,5142.17,2720.66,426.47,53.42,30.81,1
Rapti,Sub-Himalayan,26.95,2772.52,4654.28,365.83,26.49,27.87,1
Bagmati,Lesser Himalayan,9.05,4258.86,571.33,422.49,76.0,28.26,1
Kamala,Lesser Himalayan,26.56,7031.51,3784.66,156.52,40.01,22.81,1
Rapti,High Himalayan,18.34,8683.34,4499.36,165.13,33.14,27.8,1
Narayani,Lesser Himalayan,21.13,8255.39,777.54,338.9,49.79,20.57,1
Bagmati,Sub-Himalayan,1.27,8267.48,2525.29,25.41,36.62,26.29,1
Kamala,Lesser Himalayan,9.45,3600.72,1421.24,365.98,52.09,16.48,1
Mahakali,Inner Terai,12.65,4185.04,3049.33,419.53,40.91,11.74,1
Koshi,High Himalayan,32.08,6264.07,3422.94,213.43,27.92,20.34,1
Gandaki,Sub-Himalayan,0.52,8165.0,1861.8,384.79,35.95,21.54,1
Karnali,High Himalayan,18.39,1316.43,2569.92,95.56,46.31,16.41,1
Koshi,Sub-Himalayan,41.58,2740.64,1757.03,167.91,21.82,28.19,1
Kamala,Inner Terai,5.03,1292.31,2162.26,487.41,66.24,11.84,1
Koshi,High Himalayan,23.24,5442.21,1217.93,493.3,57.31,15.57,1
Narayani,Mid-Mountain,35.39,2758.71,4485.02,261.18,56.08,28.71,1
Mahakali,Sub-Himalayan,42.41,2932.57,545.05,467.79,52.76,20.93,1
Karnali,Mid-Mountain,33.6,692.5,4470.84,266.14,55.42,27.63,1
Bagmati,High Himalayan,32.43,3140.51,3072.55,152.88,76.08,24.19,1
Bagmati,Mid-Mountain,37.19,7640.99,1992.46,140.78,20.51,33.77,1
Bagmati,Mid-Mountain,20.08,2115.91,3753.76,465.46,22.87,24.94,1
Kamala,High Himalayan,36.26,6172.36,2784.88,94.5,31.49,10.37,1
Rapti,Inner Terai,0.36,5596.88,2745.99,294.02,30.04,18.82,1
Rapti,Mid-Mountain,41.61,7649.67,995.64,282.21,30.87,13.58,1
Gandaki,Mid-Mountain,19.95,1231.22,2252.82,372.41,60.32,33.12,1
Karnali,Inner Terai,24.9,8651.28,1584.79,254.63,47.57,12.6,1
Bagmati,Mid-Mountain,11.47,5184.31,570.63,143.42,79.51,19.69,1
Rapti,Mid-Mountain,33.41,8808.27,2120.45,93.0,33.61,15.65,1
Kamala,Mid-Mountain,3.45,8071.28,904.2,314.2,38.65,31.17,1
Gandaki,Lesser Himalayan,39.27,2014.48,1655.74,362.31,79.05,17.71,1
Mahakali,Inner Terai,37.27,562.99,916.32,289.07,69.91,34.8,1
Gandaki,Mid-Mountain,9.72,2314.0,954.24,371.79,48.19,10.97,1
Rapti,Inner Terai,36.42,4700.95,1395.55,79.35,53.28,13.21,1
Narayani,Sub-Himalayan,35.39,1576.27,4999.32,442.41,70.59,15.62,1
Kamala,Sub-Himalayan,28.45,1539.96,509.83,295.37,48.86,30.28,1
Narayani,Mid-Mountain,16.81,4130.65,3374.03,72.15,32.36,31.96,1
Bagmati,Inner Terai,12.22,362.03,1135.6,236.34,69.71,11.79,1
Narayani,Inner Terai,10.43,1139.93,4642.83,423.95,52.27,10.81,1
Bagmati,Inner Terai,14.34,3720.43,921.35,449.81,29.18,28.61,1
Bagmati,Lesser Himalayan,40.66,624.15,4797.78,139.68,50.34,13.33,1
Rapti,Sub-Himalayan,3.49,3552.72,3249.17,358.52,44.79,13.32,1
Narayani,Inner Terai,37.3,4230.83,505.71,58.99,72.61,10.56,1
Bagmati,Inner Terai,15.7,4031.22,4523.03,26.44,27.56,11.25,1
Karnali,Lesser Himalayan,23.47,7699.62,2847.7,284.6,72.51,16.59,1
Mahakali,Lesser Himalayan,35.75,4722.89,1682.01,350.47,50.73,11.63,1
Gandaki,Inner Terai,39.8,4177.93,3952.76,399.94,44.26,19.22,1
Gandaki,High Himalayan,15.52,3675.21,4669.99,176.71,29.72,30.82,1
Rapti,Inner Terai,20.78,7247.1,2676.61,13.2,62.05,18.16,1
Narayani,Inner Terai,18.65,7926.81,1919.99,244.96,75.61,28.2,1
Narayani,Lesser Himalayan,0.6,7559.76,4050.25,17.77,42.52,12.35,1
Bagmati,Lesser Himalayan,13.32,5982.39,3568.03,55.07,34.5,26.48,1
Kamala,Inner Terai,20.66,1275.76,4499.39,170.08,53.29,17.92,1
Koshi,Inner Terai,18.5,2500.36,3616.31,224.21,67.77,28.74,1
Bagmati,Inner Terai,32.49,474.34,1595.88,146.94,20.23,13.41,1
Mahakali,Lesser Himalayan,17.32,8240.77,4692.47,295.11,57.88,32.45,1
Karnali,Inner Terai,22.02,5870.49,971.76,37.12,55.79,16.06,1
Gandaki,Inner Terai,19.33,6621.57,1705.74,80.84,39.09,18.83,1
Bagmati,Mid-Mountain,33.33,2804.98,2840.88,350.68,47.09,33.75,1
Koshi,High Himalayan,38.83,7493.15,3045.84,79.65,34.82,24.46,1
Koshi,Sub-Himalayan,23.94,2348.8,568.9,323.49,67.39,19.14,1
Bagmati,High Himalayan,35.52,84.43,4012.58,36.8,58.07,33.74,1
Rapti,Mid-Mountain,13.36,3374.17,2127.23,209.62,51.96,18.23,1
Gandaki,Sub-Himalayan,24.36,5080.14,2328.88,96.93,43.55,12.37,1
Rapti,Inner Terai,15.54,4272.07,4142.16,63.72,37.48,34.92,1
Karnali,Mid-Mountain,18.64,7637.3,2206.78,287.85,69.36,16.7,1
Koshi,Inner Terai,32.96,995.25,712.51,464.88,47.08,31.28,1
Koshi,Lesser Himalayan,39.67,4931.46,1293.98,36.85,50.09,14.14,1
Mahakali,Mid-Mountain,5.47,4572.93,4801.56,216.56,51.25,28.28,1
Karnali,Lesser Himalayan,28.56,2540.07,816.82,356.69,46.9,23.11,1
Koshi,Mid-Mountain,26.2,7287.52,2097.19,236.72,35.37,34.52,1
Karnali,Mid-Mountain,5.33,6678.51,2764.31,405.18,27.22,23.82,1
Gandaki,Lesser Himalayan,9.54,6503.04,2719.76,98.03,25.91,10.63,1
Narayani,Sub-Himalayan,14.0,7761.22,517.82,480.2,65.45,25.1,1
Koshi,High Himalayan,7.51,6414.6,2755.23,198.73,33.41,13.63,1
Mahakali,Inner Terai,10.97,2105.1,2226.98,177.37,23.34,29.96,1
Gandaki,Mid-Mountain,12.04,6263.43,4874.36,438.56,67.85,31.41,1
Bagmati,Inner Terai,15.11,2771.02,1216.22,286.29,29.24,22.05,1
Karnali,Lesser Himalayan,33.72,2195.81,2093.69,263.06,57.51,29.58,1
Bagmati,Inner Terai,25.74,710.83,2387.67,366.22,40.32,13.63,1
Rapti,Lesser Himalayan,44.38,6601.08,2258.12,294.12,27.59,22.3,1
Gandaki,Inner Terai,18.66,6311.17,3496.24,89.63,44.87,19.85,1
Bagmati,High Himalayan,33.92,2128.44,1469.81,340.36,20.89,25.28,1
Kamala,High Himalayan,39.22,6648.05,1494.82,75.4,70.46,11.11,1
Kamala,High Himalayan,30.55,8126.81,3781.45,404.87,50.81,28.8,1
Koshi,High Himalayan,18.53,1018.28,2751.31,494.97,28.35,11.98,1
Karnali,High Himalayan,33.91,2112.08,2368.2,194.92,34.22,26.41,1
Narayani,High Himalayan,9.17,6655.79,1261.41,227.93,46.88,10.46,1
Gandaki,Lesser Himalayan,14.74,2479.62,1343.87,32.75,31.33,30.8,1
Koshi,Mid-Mountain,24.6,5553.3,547.48,16.73,36.12,14.37,1
Mahakali,Inner Terai,25.89,782.46,911.42,461.5,52.06,22.89,1
Rapti,High Himalayan,1.0,4039.43,3005.77,73.03,69.96,16.54,1
Karnali,Lesser Himalayan,42.53,6557.74,4513.43,228.43,44.11,28.07,1
Gandaki,Lesser Himalayan,31.35,6096.22,1792.24,409.52,63.02,18.03,1
Kamala,Lesser Himalayan,22.31,7224.7,1974.86,445.77,72.6,28.12,1
Gandaki,Mid-Mountain,41.99,7772.27,1020.23,264.5,32.98,17.12,1
Narayani,Inner Terai,19.76,6857.0,2248.84,286.87,68.43,28.81,1
Kamala,Mid-Mountain,44.12,5965.2,667.5,338.15,65.44,10.77,1
Narayani,Sub-Himalayan,23.05,348.46,4629.2,481.08,41.42,17.08,1
Mahakali,Lesser Himalayan,5.14,4765.94,3529.0,305.31,79.37,22.47,1
Rapti,Sub-Himalayan,34.42,400.91,4958.37,284.14,35.75,11.13,1
Mahakali,High Himalayan,30.55,7163.22,4472.7,17.12,35.29,14.65,1
Koshi,High Himalayan,34.78,2885.32,2628.46,49.67,66.34,33.36,1
Koshi,Mid-Mountain,42.81,5007.01,2838.58,292.81,46.08,34.42,1
Mahakali,Inner Terai,34.94,2522.97,1357.59,468.76,39.85,28.49,1
Rapti,Sub-Himalayan,27.51,6938.79,2579.18,434.68,30.72,16.31,1
Mahakali,Inner Terai,38.58,7851.72,4563.63,491.46,65.92,16.51,1
Rapti,Mid-Mountain,30.3,3569.28,728.84,268.64,67.18,26.14,1
Rapti,High Himalayan,18.37,7644.73,4386.01,396.09,53.99,12.94,1
Bagmati,Inner Terai,39.85,2414.38,2034.27,421.8,77.44,33.71,1
Kamala,Inner Terai,9.99,4763.25,4547.81,327.54,39.09,15.62,1
Karnali,High Himalayan,32.16,7608.21,4733.96,175.99,33.18,34.99,1
Rapti,Sub-Himalayan,39.67,2930.59,3518.89,240.29,60.65,22.39,1
Narayani,High Himalayan,32.91,8444.58,3489.91,430.38,65.5,29.29,1
Rapti,Inner Terai,31.38,1139.86,2537.39,156.29,33.49,10.05,1
Rapti,Sub-Himalayan,33.87,230.42,4259.93,462.63,24.6,32.22,1
Rapti,Sub-Himalayan,20.93,8006.5,4827.26,122.61,68.63,16.75,1
Bagmati,High Himalayan,39.34,672.6,3987.87,377.26,78.59,26.7,1
Kamala,Inner Terai,9.15,8776.8,3298.72,318.97,58.68,30.16,1
Bagmati,Mid-Mountain,5.73,8421.36,3230.57,377.3,36.67,14.1,1
Koshi,Inner Terai,12.85,1272.77,4322.61,224.3,79.8,21.06,1
Bagmati,Lesser Himalayan,23.92,4788.92,2935.42,466.99,73.6,22.35,1
Narayani,Mid-Mountain,22.98,1693.23,4117.37,319.91,50.8,17.8,1
Narayani,Sub-Himalayan,36.93,3828.35,2789.98,151.26,69.52,22.04,1
Bagmati,Mid-Mountain,18.21,609.19,781.0,322.84,68.95,17.94,1
Kamala,Sub-Himalayan,21.8,2035.61,2227.76,150.54,76.09,19.02,1
Mahakali,Sub-Himalayan,0.6,3258.81,2499.98,153.88,70.46,26.73,1
Karnali,Mid-Mountain,18.44,3920.45,1137.28,205.8,58.62,25.81,1
Kamala,Sub-Himalayan,29.15,8650.46,961.23,427.69,56.56,15.81,1
Bagmati,Sub-Himalayan,0.7,7161.44,2909.59,255.15,48.04,32.44,1
Rapti,Lesser Himalayan,12.64,6542.98,883.15,342.66,57.59,31.57,1
Gandaki,Inner Terai,9.36,4784.15,1863.25,202.06,67.71,22.73,1
Karnali,Inner Terai,1.89,7443.5,3850.69,139.17,78.14,20.83,1
Karnali,Lesser Himalayan,21.57,3048.58,4839.94,477.77,48.04,19.42,1
Narayani,Mid-Mountain,8.18,6292.72,3730.42,305.75,54.42,27.68,1
Karnali,High Himalayan,33.44,8793.44,4966.81,467.64,46.69,26.79,1
Bagmati,High Himalayan,38.16,2831.81,3642.52,109.67,60.11,14.9,1
Rapti,High Himalayan,24.55,5986.53,1822.08,81.98,57.8,26.79,1
Rapti,Lesser Himalayan,44.18,7481.4,3524.24,429.35,21.07,16.31,1
Koshi,Lesser Himalayan,20.27,8108.96,3659.71,343.65,52.47,10.46,1
Rapti,Sub-Himalayan,23.1,6372.01,2172.77,101.42,25.31,27.48,1
Kamala,High Himalayan,44.51,2559.51,579.71,141.99,21.58,26.12,1
Rapti,Mid-Mountain,10.42,2934.1,3664.4,402.33,67.47,20.27,1
Narayani,Mid-Mountain,42.41,252.21,597.65,232.4,35.52,23.14,1
Rapti,High Himalayan,1.93,6749.06,3340.35,338.56,40.44,33.68,1
Koshi,High Himalayan,20.09,445.17,1236.27,165.99,23.85,24.88,1
Gandaki,High Himalayan,3.15,7659.92,3045.22,196.8,30.77,26.45,1
Bagmati,Lesser Himalayan,32.82,1111.6,2767.61,495.45,65.94,11.6,1
Narayani,Lesser Himalayan,27.38,1578.73,560.81,131.33,49.61,14.15,1
Kamala,Lesser Himalayan,31.8,4252.95,2132.9,258.16,72.84,17.52,1
Gandaki,Inner Terai,16.85,6547.11,3204.91,423.76,43.83,23.48,1
Narayani,Mid-Mountain,16.63,1290.16,4318.73,127.22,36.12,29.41,1
Mahakali,Mid-Mountain,2.04,3932.94,4498.89,213.45,40.86,18.03,1
Karnali,Sub-Himalayan,15.75,4308.47,2677.32,311.39,62.77,18.91,1
Mahakali,Lesser Himalayan,41.82,1933.44,3777.9,245.78,53.3,16.4,1
Rapti,Inner Terai,17.07,1084.37,1924.05,235.16,74.25,16.37,1
Gandaki,Inner Terai,37.41,7412.1,2039.84,187.63,56.13,33.72,1
Rapti,Mid-Mountain,37.9,4480.64,1375.09,297.46,49.58,25.89,1
Karnali,Lesser Himalayan,16.8,196.24,3028.77,315.94,67.15,13.9,1
Narayani,Sub-Himalayan,28.44,7118.57,1915.54,330.11,76.85,28.06,1
Karnali,Lesser Himalayan,4.29,8679.41,879.67,44.48,41.35,28.05,1
Koshi,High Himalayan,4.67,5388.82,3582.53,319.21,34.99,26.66,1
Karnali,Lesser Himalayan,2.19,4491.55,3684.89,477.09,56.97,13.37,1
Koshi,High Himalayan,26.15,7780.73,2119.97,275.08,49.93,20.2,1
Karnali,High Himalayan,19.17,8431.19,845.26,360.48,79.35,12.67,1
Bagmati,Sub-Himalayan,24.66,6693.33,2418.34,282.8,47.74,30.42,1
Koshi,Mid-Mountain,23.45,3980.19,2490.51,428.82,24.46,26.38,1
Gandaki,Lesser Himalayan,15.76,5268.52,3509.02,465.5,78.64,22.68,1
Rapti,High Himalayan,30.49,6222.81,1919.37,100.27,70.62,18.58,1
Kamala,Lesser Himalayan,34.13,1775.33,3571.7,224.06,30.7,14.61,1
Rapti,Mid-Mountain,0.66,3995.53,4421.7,202.27,74.28,12.66,1
Mahakali,Mid-Mountain,9.33,7354.17,1568.69,208.56,40.44,34.23,1
Rapti,Inner Terai,32.1,5817.18,4905.14,71.51,42.63,14.99,1
Narayani,Mid-Mountain,17.4,3679.55,2238.66,408.67,74.38,11.5,1
Bagmati,Sub-Himalayan,29.81,5893.0,1702.66,27.53,51.81,34.04,1
Karnali,High Himalayan,15.61,1107.76,2396.8,268.83,28.27,23.72,1
Mahakali,Inner Terai,17.58,3594.35,924.79,334.32,42.14,29.92,1
Narayani,Sub-Himalayan,7.14,7032.08,1065.68,111.66,63.33,11.09,1
Narayani,Lesser Himalayan,11.62,2005.63,2364.95,453.87,30.45,24.17,1
Koshi,High Himalayan,27.24,1702.37,3931.0,420.89,55.41,19.96,1
Rapti,Mid-Mountain,19.49,8416.29,4551.41,240.83,61.72,29.3,1
Gandaki,High Himalayan,34.84,1912.48,3491.68,211.46,40.63,10.96,1
Kamala,Lesser Himalayan,38.37,2360.34,973.49,125.92,61.63,20.04,1
Gandaki,Inner Terai,24.37,8581.29,3524.09,367.7,73.05,29.98,1
Mahakali,Inner Terai,34.12,6519.27,3359.43,74.55,48.33,23.07,1
Bagmati,Inner Terai,13.81,6211.06,4125.94,343.32,42.97,23.75,1
Gandaki,Mid-Mountain,18.67,7556.99,4213.62,422.8,35.07,12.43,1
Karnali,Sub-Himalayan,32.07,1086.7,4406.91,121.95,56.25,13.31,1
Gandaki,Sub-Himalayan,17.38,6266.88,2363.59,434.55,72.79,26.92,1
Mahakali,High Himalayan,26.48,4491.38,3640.39,26.33,39.48,26.88,1
Kamala,Mid-Mountain,8.34,7348.28,1707.13,457.27,43.77,34.48,1
Gandaki,Inner Terai,26.99,4530.47,4997.01,68.0,44.4,27.8,1
Karnali,Inner Terai,38.77,5514.48,1289.0,326.42,53.65,22.33,1
Koshi,Lesser Himalayan,39.09,4263.62,545.51,132.54,33.7,31.43,1
Bagmati,Lesser Himalayan,32.6,4267.28,1169.64,419.91,69.33,12.61,1
Mahakali,Inner Terai,33.56,6811.24,3991.43,261.03,37.74,21.23,1
Koshi,Inner Terai,25.11,5587.56,2510.53,76.27,62.32,17.18,1
Koshi,Mid-Mountain,26.31,5628.78,2513.75,289.79,50.79,12.62,1
Koshi,Sub-Himalayan,6.01,4022.58,4797.6,209.86,55.15,29.09,1
Narayani,Lesser Himalayan,19.97,4732.08,4638.36,334.11,30.78,22.77,1
Bagmati,Sub-Himalayan,20.28,6615.91,1900.38,442.13,64.1,23.92,1
Kamala,Mid-Mountain,43.13,7320.11,1440.76,210.6,31.32,20.28,1
Rapti,Inner Terai,19.4,6184.42,4318.17,152.04,26.81,21.51,1
Bagmati,Sub-Himalayan,24.72,8181.51,4577.09,17.11,52.8,12.9,1
Narayani,Inner Terai,24.0,7270.8,2937.19,291.67,62.56,26.82,1
Rapti,Inner Terai,28.65,5002.04,3332.41,207.11,23.0,20.81,1
Bagmati,High Himalayan,33.67,5963.6,1656.11,193.58,24.16,30.42,1
Koshi,Sub-Himalayan,10.13,8201.13,4103.61,99.64,68.16,14.91,1
Mahakali,Sub-Himalayan,23.79,5505.06,3344.55,220.73,68.54,15.13,1
Rapti,Inner Terai,37.17,7310.16,2765.81,492.38,34.72,26.14,1
Karnali,Mid-Mountain,20.84,6116.38,770.49,155.9,56.91,31.15,1
Karnali,High Himalayan,12.53,4914.9,4621.71,303.86,46.59,21.8,1
Gandaki,Inner Terai,29.46,2192.86,3269.53,390.48,57.96,28.17,1
Rapti,Lesser Himalayan,37.07,3809.41,1367.11,377.09,71.77,34.98,1
Mahakali,Lesser Himalayan,2.84,8564.85,3228.74,171.1,24.79,34.76,1
Kamala,High Himalayan,34.96,5843.86,3548.59,309.32,66.68,28.61,1
Narayani,Mid-Mountain,36.97,5024.26,2865.97,436.92,49.58,28.49,1
Koshi,Inner Terai,20.77,8259.49,3731.46,17.57,53.85,16.19,1
Gandaki,Sub-Himalayan,44.25,5218.4,3116.54,223.51,59.24,30.84,1
Karnali,High Himalayan,35.4,4687.95,4764.96,119.89,75.36,20.13,1
Narayani,Mid-Mountain,34.81,6735.23,741.64,200.43,23.4,34.05,1
Narayani,Sub-Himalayan,33.65,6325.78,978.11,213.83,21.77,12.04,1
Koshi,Lesser Himalayan,6.78,1765.56,1281.52,375.87,30.7,20.9,1
Kamala,Lesser Himalayan,9.78,4207.14,3605.77,55.97,79.19,23.9,1
Kamala,Sub-Himalayan,20.88,4217.74,3405.18,261.17,62.9,20.13,1
Rapti,High Himalayan,11.88,3390.05,4514.26,286.46,56.88,15.26,1
Karnali,Lesser Himalayan,18.69,4610.8,3797.95,252.14,22.82,24.82,1
Kamala,Inner Terai,39.98,3696.26,2787.6,368.62,72.75,28.9,1
Mahakali,Sub-Himalayan,37.09,1819.85,4963.24,198.06,68.77,26.12,1
Kamala,Sub-Himalayan,28.35,3689.75,1697.49,473.03,59.89,15.86,1
Narayani,Lesser Himalayan,38.62,704.45,4249.36,246.08,40.35,28.29,1
Koshi,High Himalayan,35.27,5124.25,2420.56,289.89,24.23,16.42,1
Mahakali,Inner Terai,19.3,7563.38,3419.31,414.51,54.8,14.38,1
Rapti,High Himalayan,9.05,6436.57,3772.71,144.87,63.18,27.27,1
Karnali,Mid-Mountain,23.14,3233.54,3351.89,46.85,25.65,31.07,1
Rapti,Mid-Mountain,33.13,834.31,1132.28,356.81,58.03,22.04,1
Narayani,Lesser Himalayan,19.64,1844.47,2493.28,246.68,37.18,23.28,1
Mahakali,Lesser Himalayan,30.0,4858.31,3026.47,449.29,65.85,17.57,1
Mahakali,Lesser Himalayan,4.24,1887.55,4320.7,491.51,52.38,22.37,1
Mahakali,Mid-Mountain,33.66,4845.0,2496.41,205.56,27.74,13.3,1
Narayani,High Himalayan,36.57,2102.98,4634.36,213.57,51.59,33.9,1
Narayani,High Himalayan,31.81,7521.85,2481.68,209.9,43.74,30.01,1
Rapti,Lesser Himalayan,43.53,3557.25,2969.51,169.03,30.82,26.7,1
Gandaki,Inner Terai,37.2,2225.44,4083.29,393.03,70.49,23.45,1
Rapti,High Himalayan,40.64,7200.6,3123.8,381.91,20.66,29.8,1
Karnali,Mid-Mountain,42.01,3079.44,4820.98,244.54,38.73,22.37,1
Koshi,Sub-Himalayan,36.06,1048.64,3471.51,31.88,20.76,17.5,1
Mahakali,Sub-Himalayan,30.34,5077.05,2852.19,161.68,25.76,14.01,1
Gandaki,Sub-Himalayan,0.26,5174.97,606.16,153.23,37.83,26.19,1
Koshi,Inner Terai,20.96,6343.6,2361.8,407.43,23.26,33.24,1
Gandaki,Lesser Himalayan,25.7,2178.65,1846.62,52.91,55.8,13.84,1
Kamala,Mid-Mountain,13.68,3965.42,3866.48,404.78,25.21,14.5,1
Kamala,Inner Terai,14.31,2548.63,1437.25,337.9,62.1,20.84,1
Bagmati,Mid-Mountain,43.25,780.61,1423.49,368.9,23.16,30.17,1
Kamala,Mid-Mountain,40.13,7764.92,1352.84,221.78,23.56,17.35,1
Rapti,Lesser Himalayan,38.21,6468.02,1065.27,343.07,38.32,16.35,1
Kamala,Sub-Himalayan,18.27,2716.24,1899.53,308.42,73.79,25.5,1
Narayani,Lesser Himalayan,0.62,5331.3,4486.65,386.8,58.48,23.39,1
Mahakali,Inner Terai,3.61,1836.69,3987.18,228.92,66.21,11.51,1
Rapti,Inner Terai,14.05,7884.5,3808.63,241.68,28.49,12.04,1
Koshi,Inner Terai,0.71,1078.65,4088.02,325.35,70.05,26.08,1
Bagmati,Lesser Himalayan,0.77,103.68,1712.38,62.96,20.49,21.63,1
Bagmati,Mid-Mountain,41.25,4476.63,4493.49,223.76,32.78,34.27,1
Bagmati,Mid-Mountain,31.78,5188.7,1117.87,486.26,56.97,26.96,1
Koshi,High Himalayan,13.9,5152.16,2013.56,28.4,42.51,10.25,1
Koshi,Inner Terai,5.97,548.51,3140.37,164.84,79.05,22.03,1
Koshi,Mid-Mountain,23.02,2826.68,963.07,163.91,21.82,20.36,1
Koshi,High Himalayan,0.24,4451.97,3785.59,320.4,79.92,12.67,1
Bagmati,Mid-Mountain,42.23,1971.13,2242.61,61.84,57.42,33.08,1
Bagmati,Inner Terai,18.67,7729.91,4029.83,317.99,53.52,30.13,1
Gandaki,Sub-Himalayan,18.11,834.65,2718.03,56.57,23.57,15.75,1
Rapti,Inner Terai,17.58,4348.26,1313.94,56.53,36.4,16.4,1
Mahakali,Lesser Himalayan,3.12,6139.25,3806.43,366.81,75.48,10.8,1
Kamala,Mid-Mountain,28.72,2367.65,1634.65,168.83,41.25,17.42,1
Kamala,Mid-Mountain,32.99,5549.59,2708.65,488.94,59.7,24.62,1
Narayani,Lesser Himalayan,30.43,7350.34,839.9,28.3,79.97,20.52,1
Bagmati,Lesser Himalayan,6.23,1740.78,3280.4,228.1,35.78,34.23,1
